-- phpMyAdmin SQL Dump
-- version 3.5.8.2
-- http://www.phpmyadmin.net
--
-- Client: sql313.byethost24.com
-- Généré le: Dim 17 Janvier 2016 à 13:16
-- Version du serveur: 5.6.27-76.0
-- Version de PHP: 5.3.3

SET SQL_MODE="NO_AUTO_VALUE_ON_ZERO";
SET time_zone = "+00:00";


/*!40101 SET @OLD_CHARACTER_SET_CLIENT=@@CHARACTER_SET_CLIENT */;
/*!40101 SET @OLD_CHARACTER_SET_RESULTS=@@CHARACTER_SET_RESULTS */;
/*!40101 SET @OLD_COLLATION_CONNECTION=@@COLLATION_CONNECTION */;
/*!40101 SET NAMES utf8 */;

--
-- Base de données: `b24_16943929_css`
--

-- --------------------------------------------------------

--
-- Structure de la table `acl`
--

CREATE TABLE IF NOT EXISTS `acl` (
  `acl_id` int(11) NOT NULL AUTO_INCREMENT,
  `controller_id` int(11) NOT NULL,
  `profile_id` int(11) NOT NULL,
  `active_id` int(11) NOT NULL,
  PRIMARY KEY (`acl_id`),
  KEY `acl_id` (`acl_id`)
) ENGINE=MyISAM  DEFAULT CHARSET=utf8 AUTO_INCREMENT=391 ;

--
-- Contenu de la table `acl`
--

INSERT INTO `acl` (`acl_id`, `controller_id`, `profile_id`, `active_id`) VALUES
(120, 37, 2, 2),
(121, 38, 2, 2),
(122, 36, 2, 2),
(123, 39, 2, 2),
(174, 92, 2, 2),
(175, 94, 2, 2),
(176, 93, 2, 2),
(177, 91, 2, 2),
(178, 95, 2, 2),
(179, 97, 2, 2),
(180, 99, 2, 2),
(181, 98, 2, 2),
(182, 96, 2, 2),
(183, 100, 2, 2),
(184, 84, 2, 2),
(185, 85, 2, 2),
(186, 102, 2, 2),
(187, 105, 2, 2),
(188, 103, 2, 2),
(189, 101, 2, 2),
(190, 104, 2, 2),
(191, 106, 2, 2),
(192, 87, 2, 2),
(193, 90, 2, 2),
(194, 88, 2, 2),
(195, 86, 2, 2),
(196, 89, 2, 2),
(197, 37, 2, 2),
(198, 40, 2, 2),
(199, 39, 2, 2),
(200, 45, 2, 2),
(201, 71, 2, 2),
(202, 18, 2, 2),
(203, 19, 2, 2),
(204, 17, 2, 2),
(205, 9, 2, 2),
(206, 13, 2, 2),
(207, 77, 2, 2),
(208, 11, 2, 2),
(209, 10, 2, 2),
(210, 28, 2, 2),
(211, 15, 2, 2),
(212, 16, 2, 2),
(213, 34, 2, 2),
(214, 53, 2, 2),
(215, 54, 2, 2),
(216, 55, 2, 2),
(217, 66, 2, 2),
(218, 21, 2, 2),
(219, 22, 2, 2),
(220, 20, 2, 2),
(221, 23, 2, 2),
(222, 0, 2, 2),
(354, 49, 3, 2),
(353, 51, 3, 2),
(352, 50, 3, 2),
(351, 47, 3, 2),
(350, 111, 3, 2),
(349, 112, 3, 2),
(348, 109, 3, 2),
(347, 89, 3, 2),
(346, 86, 3, 2),
(345, 88, 3, 2),
(344, 90, 3, 2),
(343, 87, 3, 2),
(342, 106, 3, 2),
(341, 104, 3, 2),
(340, 101, 3, 2),
(339, 103, 3, 2),
(338, 105, 3, 2),
(337, 102, 3, 2),
(336, 84, 3, 2),
(335, 100, 3, 2),
(334, 96, 3, 2),
(333, 98, 3, 2),
(332, 99, 3, 2),
(331, 97, 3, 2),
(330, 95, 3, 2),
(329, 91, 3, 2),
(328, 93, 3, 2),
(327, 94, 3, 2),
(326, 92, 3, 2),
(355, 37, 3, 2),
(390, 23, 3, 2),
(389, 21, 3, 2),
(388, 65, 3, 2),
(387, 66, 3, 2),
(386, 63, 3, 2),
(385, 59, 3, 2),
(384, 60, 3, 2),
(383, 57, 3, 2),
(382, 55, 3, 2),
(381, 53, 3, 2),
(380, 33, 3, 2),
(379, 34, 3, 2),
(378, 31, 3, 2),
(377, 16, 3, 2),
(376, 15, 3, 2),
(375, 27, 3, 2),
(374, 28, 3, 2),
(373, 25, 3, 2),
(372, 10, 3, 2),
(371, 11, 3, 2),
(370, 76, 3, 2),
(369, 77, 3, 2),
(368, 74, 3, 2),
(367, 13, 3, 2),
(366, 9, 3, 2),
(365, 19, 3, 2),
(364, 18, 3, 2),
(363, 70, 3, 2),
(362, 71, 3, 2),
(361, 68, 3, 2),
(360, 44, 3, 2),
(359, 45, 3, 2),
(358, 42, 3, 2),
(357, 39, 3, 2),
(356, 40, 3, 2);

-- --------------------------------------------------------

--
-- Structure de la table `actives`
--

CREATE TABLE IF NOT EXISTS `actives` (
  `active_id` int(11) NOT NULL AUTO_INCREMENT,
  `active` varchar(3) NOT NULL,
  PRIMARY KEY (`active_id`),
  UNIQUE KEY `active_id` (`active_id`)
) ENGINE=MyISAM  DEFAULT CHARSET=utf8 AUTO_INCREMENT=3 ;

--
-- Contenu de la table `actives`
--

INSERT INTO `actives` (`active_id`, `active`) VALUES
(1, 'yes'),
(2, 'no');

-- --------------------------------------------------------

--
-- Structure de la table `attendances`
--

CREATE TABLE IF NOT EXISTS `attendances` (
  `attendance_id` int(11) NOT NULL AUTO_INCREMENT,
  `classe_id` int(11) NOT NULL,
  `curriculum_id` int(11) NOT NULL,
  `month_id` int(11) NOT NULL,
  `day1` int(11) DEFAULT NULL,
  `day2` int(11) DEFAULT NULL,
  `day3` int(11) DEFAULT NULL,
  `day4` int(11) DEFAULT NULL,
  `day5` int(11) DEFAULT NULL,
  `day6` int(11) DEFAULT NULL,
  `day7` int(11) DEFAULT NULL,
  `day8` int(11) DEFAULT NULL,
  `day9` int(11) DEFAULT NULL,
  `day10` int(11) DEFAULT NULL,
  `day11` int(11) DEFAULT NULL,
  `day12` int(11) DEFAULT NULL,
  `day13` int(11) DEFAULT NULL,
  `day14` int(11) DEFAULT NULL,
  `day15` int(11) DEFAULT NULL,
  `day16` int(11) DEFAULT NULL,
  `day17` int(11) DEFAULT NULL,
  `day18` int(11) DEFAULT NULL,
  `day19` int(11) DEFAULT NULL,
  `day20` int(11) DEFAULT NULL,
  `day21` int(11) DEFAULT NULL,
  `day22` int(11) DEFAULT NULL,
  `day23` int(11) DEFAULT NULL,
  `day24` int(11) DEFAULT NULL,
  `day25` int(11) DEFAULT NULL,
  `day26` int(11) DEFAULT NULL,
  `day27` int(11) DEFAULT NULL,
  `day28` int(11) DEFAULT NULL,
  `day29` int(11) DEFAULT NULL,
  `day30` int(11) DEFAULT NULL,
  `day31` int(11) DEFAULT NULL,
  PRIMARY KEY (`attendance_id`),
  KEY `result_id` (`attendance_id`)
) ENGINE=MyISAM  DEFAULT CHARSET=utf8 AUTO_INCREMENT=681 ;

--
-- Contenu de la table `attendances`
--

INSERT INTO `attendances` (`attendance_id`, `classe_id`, `curriculum_id`, `month_id`, `day1`, `day2`, `day3`, `day4`, `day5`, `day6`, `day7`, `day8`, `day9`, `day10`, `day11`, `day12`, `day13`, `day14`, `day15`, `day16`, `day17`, `day18`, `day19`, `day20`, `day21`, `day22`, `day23`, `day24`, `day25`, `day26`, `day27`, `day28`, `day29`, `day30`, `day31`) VALUES
(401, 49, 34, 1, 2, 1, 1, 1, 1, 1, 1, 1, 1, 1, 1, 1, 1, 1, 1, 0, 0, 0, 0, 0, 0, 0, 0, 0, 0, 0, 0, 0, 0, 0, 0),
(402, 49, 37, 1, NULL, NULL, NULL, NULL, NULL, NULL, NULL, NULL, NULL, NULL, NULL, NULL, NULL, NULL, NULL, NULL, NULL, NULL, NULL, NULL, NULL, NULL, NULL, NULL, NULL, NULL, NULL, NULL, NULL, NULL, NULL),
(403, 49, 34, 3, NULL, NULL, NULL, NULL, NULL, NULL, NULL, NULL, NULL, NULL, NULL, NULL, NULL, NULL, NULL, NULL, NULL, NULL, NULL, NULL, NULL, NULL, NULL, NULL, NULL, NULL, NULL, NULL, NULL, NULL, NULL),
(404, 49, 37, 2, NULL, NULL, NULL, NULL, NULL, NULL, NULL, NULL, NULL, NULL, NULL, NULL, NULL, NULL, NULL, NULL, NULL, NULL, NULL, NULL, NULL, NULL, NULL, NULL, NULL, NULL, NULL, NULL, NULL, NULL, NULL),
(405, 49, 34, 2, 1, 2, 3, 1, 1, 2, 3, 2, 1, 1, 0, 0, 0, 0, 0, 0, 0, 0, 0, 0, 0, 0, 0, 0, 0, 0, 0, 0, NULL, NULL, NULL),
(406, 25, 2, 2, 0, 0, 0, 0, 0, 0, 0, 0, 0, 0, 0, 0, 0, 0, 0, 0, 0, 0, 0, 0, 0, 0, 0, 0, 0, 0, 0, 0, NULL, NULL, NULL),
(407, 26, 2, 2, 0, 0, 0, 0, 0, 0, 0, 0, 0, 0, 0, 0, 0, 0, 0, 0, 0, 0, 0, 0, 0, 0, 0, 0, 0, 0, 0, 0, NULL, NULL, NULL),
(408, 27, 2, 2, 0, 0, 0, 0, 0, 0, 0, 0, 0, 0, 0, 0, 0, 0, 0, 0, 0, 0, 0, 0, 0, 0, 0, 0, 0, 0, 0, 0, NULL, NULL, NULL),
(409, 28, 2, 2, 0, 0, 0, 0, 0, 0, 0, 0, 0, 0, 0, 0, 0, 0, 0, 0, 0, 0, 0, 0, 0, 0, 0, 0, 0, 0, 0, 0, NULL, NULL, NULL),
(410, 29, 2, 2, 1, 1, 1, 2, 0, 0, 0, 0, 0, 0, 0, 0, 0, 0, 0, 0, 0, 0, 0, 0, 0, 0, 0, 0, 0, 0, 0, 0, NULL, NULL, NULL),
(411, 30, 2, 2, 0, 0, 0, 0, 0, 0, 0, 0, 0, 0, 0, 0, 0, 0, 0, 0, 0, 0, 0, 0, 0, 0, 0, 0, 0, 0, 0, 0, NULL, NULL, NULL),
(412, 31, 2, 2, 1, 1, 1, 1, 0, 0, 0, 0, 0, 0, 0, 0, 0, 0, 0, 0, 0, 0, 0, 0, 0, 0, 0, 0, 0, 0, 0, 0, NULL, NULL, NULL),
(413, 32, 2, 2, 1, 1, 1, 1, 0, 0, 0, 0, 0, 0, 0, 0, 0, 0, 0, 0, 0, 0, 0, 0, 0, 0, 0, 0, 0, 0, 0, 0, NULL, NULL, NULL),
(414, 33, 2, 2, 2, 2, 1, 3, 0, 0, 0, 0, 0, 0, 0, 0, 0, 0, 0, 0, 0, 0, 0, 0, 0, 0, 0, 0, 0, 0, 0, 0, NULL, NULL, NULL),
(415, 34, 2, 2, 1, 1, 1, 1, 0, 0, 0, 0, 0, 0, 0, 0, 0, 0, 0, 0, 0, 0, 0, 0, 0, 0, 0, 0, 0, 0, 0, 0, NULL, NULL, NULL),
(416, 35, 2, 2, 0, 0, 0, 0, 0, 0, 0, 0, 0, 0, 0, 0, 0, 0, 0, 0, 0, 0, 0, 0, 0, 0, 0, 0, 0, 0, 0, 0, NULL, NULL, NULL),
(417, 36, 2, 2, 0, 0, 0, 0, 0, 0, 0, 0, 0, 0, 0, 0, 0, 0, 0, 0, 0, 0, 0, 0, 0, 0, 0, 0, 0, 0, 0, 0, NULL, NULL, NULL),
(418, 37, 2, 2, 0, 0, 0, 0, 0, 0, 0, 0, 0, 0, 0, 0, 0, 0, 0, 0, 0, 0, 0, 0, 0, 0, 0, 0, 0, 0, 0, 0, NULL, NULL, NULL),
(419, 38, 2, 2, 0, 0, 0, 0, 0, 0, 0, 0, 0, 0, 0, 0, 0, 0, 0, 0, 0, 0, 0, 0, 0, 0, 0, 0, 0, 0, 0, 0, NULL, NULL, NULL),
(420, 39, 2, 2, 0, 0, 0, 0, 0, 0, 0, 0, 0, 0, 0, 0, 0, 0, 0, 0, 0, 0, 0, 0, 0, 0, 0, 0, 0, 0, 0, 0, NULL, NULL, NULL),
(421, 40, 2, 2, 0, 0, 0, 0, 0, 0, 0, 0, 0, 0, 0, 0, 0, 0, 0, 0, 0, 0, 0, 0, 0, 0, 0, 0, 0, 0, 0, 0, NULL, NULL, NULL),
(422, 41, 2, 2, 0, 0, 0, 0, 0, 0, 0, 0, 0, 0, 0, 0, 0, 0, 0, 0, 0, 0, 0, 0, 0, 0, 0, 0, 0, 0, 0, 0, NULL, NULL, NULL),
(423, 42, 2, 2, 1, 2, 2, 1, 0, 0, 0, 0, 0, 0, 0, 0, 0, 0, 0, 0, 0, 0, 0, 0, 0, 0, 0, 0, 0, 0, 0, 0, NULL, NULL, NULL),
(424, 43, 2, 2, 0, 0, 0, 0, 0, 0, 0, 0, 0, 0, 0, 0, 0, 0, 0, 0, 0, 0, 0, 0, 0, 0, 0, 0, 0, 0, 0, 0, NULL, NULL, NULL),
(425, 44, 2, 2, 0, 0, 0, 0, 0, 0, 0, 0, 0, 0, 0, 0, 0, 0, 0, 0, 0, 0, 0, 0, 0, 0, 0, 0, 0, 0, 0, 0, NULL, NULL, NULL),
(426, 25, 2, 1, 0, 0, 0, 0, 0, 0, 0, 0, 0, 0, 0, 0, 0, 0, 0, 0, 0, 0, 0, 0, 0, 0, 0, 0, 0, 0, 0, 0, 0, 0, 0),
(427, 26, 2, 1, 0, 0, 0, 0, 0, 0, 0, 0, 0, 0, 0, 0, 0, 0, 0, 0, 0, 0, 0, 0, 0, 0, 0, 0, 0, 0, 0, 0, 0, 0, 0),
(428, 27, 2, 1, 0, 0, 0, 0, 0, 0, 0, 0, 0, 0, 0, 0, 0, 0, 0, 0, 0, 0, 0, 0, 0, 0, 0, 0, 0, 0, 0, 0, 0, 0, 0),
(429, 28, 2, 1, 0, 0, 0, 0, 0, 0, 0, 0, 0, 0, 0, 0, 0, 0, 0, 0, 0, 0, 0, 0, 0, 0, 0, 0, 0, 0, 0, 0, 0, 0, 0),
(430, 29, 2, 1, 1, 0, 0, 0, 0, 0, 0, 0, 0, 0, 0, 0, 0, 0, 0, 0, 0, 0, 0, 0, 0, 0, 0, 0, 0, 0, 0, 0, 0, 0, 0),
(431, 30, 2, 1, 0, 0, 0, 0, 0, 0, 0, 0, 0, 0, 0, 0, 0, 0, 0, 0, 0, 0, 0, 0, 0, 0, 0, 0, 0, 0, 0, 0, 0, 0, 0),
(432, 31, 2, 1, 0, 0, 0, 0, 0, 0, 0, 0, 0, 0, 0, 0, 0, 0, 0, 0, 0, 0, 0, 0, 0, 0, 0, 0, 0, 0, 0, 0, 0, 0, 0),
(433, 32, 2, 1, 0, 0, 3, 0, 0, 0, 0, 0, 0, 0, 0, 0, 0, 0, 0, 0, 0, 0, 0, 0, 0, 0, 0, 0, 0, 0, 0, 0, 0, 0, 0),
(434, 33, 2, 1, 0, 2, 0, 0, 0, 0, 0, 0, 0, 0, 0, 0, 0, 0, 0, 0, 0, 0, 0, 0, 0, 0, 0, 0, 0, 0, 0, 0, 0, 0, 0),
(435, 34, 2, 1, 0, 0, 0, 0, 0, 0, 0, 0, 0, 0, 0, 0, 0, 0, 0, 0, 0, 0, 0, 0, 0, 0, 0, 0, 0, 0, 0, 0, 0, 0, 0),
(436, 35, 2, 1, 0, 0, 0, 0, 0, 0, 0, 0, 0, 0, 0, 0, 0, 0, 0, 0, 0, 0, 0, 0, 0, 0, 0, 0, 0, 0, 0, 0, 0, 0, 0),
(437, 36, 2, 1, 0, 0, 0, 0, 0, 0, 0, 0, 0, 0, 0, 0, 0, 0, 0, 0, 0, 0, 0, 0, 0, 0, 0, 0, 0, 0, 0, 0, 0, 0, 0),
(438, 37, 2, 1, 0, 0, 0, 0, 0, 0, 0, 0, 0, 0, 0, 0, 0, 0, 0, 0, 0, 0, 0, 0, 0, 0, 0, 0, 0, 0, 0, 0, 0, 0, 0),
(439, 38, 2, 1, 0, 0, 0, 0, 0, 0, 0, 0, 0, 0, 0, 0, 0, 0, 0, 0, 0, 0, 0, 0, 0, 0, 0, 0, 0, 0, 0, 0, 0, 0, 0),
(440, 39, 2, 1, 0, 0, 0, 0, 0, 0, 0, 0, 0, 0, 0, 0, 0, 0, 0, 0, 0, 0, 0, 0, 0, 0, 0, 0, 0, 0, 0, 0, 0, 0, 0),
(441, 40, 2, 1, 0, 0, 0, 0, 0, 0, 0, 0, 0, 0, 0, 0, 0, 0, 0, 0, 0, 0, 0, 0, 0, 0, 0, 0, 0, 0, 0, 0, 0, 0, 0),
(442, 41, 2, 1, 0, 0, 0, 0, 0, 0, 0, 0, 0, 0, 0, 0, 0, 0, 0, 0, 0, 0, 0, 0, 0, 0, 0, 0, 0, 0, 0, 0, 0, 0, 0),
(443, 42, 2, 1, 0, 0, 0, 4, 0, 0, 0, 0, 0, 0, 0, 0, 0, 0, 0, 0, 0, 0, 0, 0, 0, 0, 0, 0, 0, 0, 0, 0, 0, 0, 0),
(444, 43, 2, 1, 0, 0, 0, 0, 0, 0, 0, 0, 0, 0, 0, 0, 0, 0, 0, 0, 0, 0, 0, 0, 0, 0, 0, 0, 0, 0, 0, 0, 0, 0, 0),
(445, 44, 2, 1, 0, 0, 0, 0, 0, 0, 0, 0, 0, 0, 0, 0, 0, 0, 0, 0, 0, 0, 0, 0, 0, 0, 0, 0, 0, 0, 0, 0, 0, 0, 0),
(446, 25, 8, 1, NULL, NULL, NULL, NULL, NULL, NULL, NULL, NULL, NULL, NULL, NULL, NULL, NULL, NULL, NULL, NULL, NULL, NULL, NULL, NULL, NULL, NULL, NULL, NULL, NULL, NULL, NULL, NULL, NULL, NULL, NULL),
(447, 26, 8, 1, NULL, NULL, NULL, NULL, NULL, NULL, NULL, NULL, NULL, NULL, NULL, NULL, NULL, NULL, NULL, NULL, NULL, NULL, NULL, NULL, NULL, NULL, NULL, NULL, NULL, NULL, NULL, NULL, NULL, NULL, NULL),
(448, 27, 8, 1, NULL, NULL, NULL, NULL, NULL, NULL, NULL, NULL, NULL, NULL, NULL, NULL, NULL, NULL, NULL, NULL, NULL, NULL, NULL, NULL, NULL, NULL, NULL, NULL, NULL, NULL, NULL, NULL, NULL, NULL, NULL),
(449, 28, 8, 1, NULL, NULL, NULL, NULL, NULL, NULL, NULL, NULL, NULL, NULL, NULL, NULL, NULL, NULL, NULL, NULL, NULL, NULL, NULL, NULL, NULL, NULL, NULL, NULL, NULL, NULL, NULL, NULL, NULL, NULL, NULL),
(450, 29, 8, 1, NULL, NULL, NULL, NULL, NULL, NULL, NULL, NULL, NULL, NULL, NULL, NULL, NULL, NULL, NULL, NULL, NULL, NULL, NULL, NULL, NULL, NULL, NULL, NULL, NULL, NULL, NULL, NULL, NULL, NULL, NULL),
(451, 30, 8, 1, NULL, NULL, NULL, NULL, NULL, NULL, NULL, NULL, NULL, NULL, NULL, NULL, NULL, NULL, NULL, NULL, NULL, NULL, NULL, NULL, NULL, NULL, NULL, NULL, NULL, NULL, NULL, NULL, NULL, NULL, NULL),
(452, 31, 8, 1, NULL, NULL, NULL, NULL, NULL, NULL, NULL, NULL, NULL, NULL, NULL, NULL, NULL, NULL, NULL, NULL, NULL, NULL, NULL, NULL, NULL, NULL, NULL, NULL, NULL, NULL, NULL, NULL, NULL, NULL, NULL),
(453, 32, 8, 1, NULL, NULL, NULL, NULL, NULL, NULL, NULL, NULL, NULL, NULL, NULL, NULL, NULL, NULL, NULL, NULL, NULL, NULL, NULL, NULL, NULL, NULL, NULL, NULL, NULL, NULL, NULL, NULL, NULL, NULL, NULL),
(454, 33, 8, 1, NULL, NULL, NULL, NULL, NULL, NULL, NULL, NULL, NULL, NULL, NULL, NULL, NULL, NULL, NULL, NULL, NULL, NULL, NULL, NULL, NULL, NULL, NULL, NULL, NULL, NULL, NULL, NULL, NULL, NULL, NULL),
(455, 34, 8, 1, NULL, NULL, NULL, NULL, NULL, NULL, NULL, NULL, NULL, NULL, NULL, NULL, NULL, NULL, NULL, NULL, NULL, NULL, NULL, NULL, NULL, NULL, NULL, NULL, NULL, NULL, NULL, NULL, NULL, NULL, NULL),
(456, 35, 8, 1, NULL, NULL, NULL, NULL, NULL, NULL, NULL, NULL, NULL, NULL, NULL, NULL, NULL, NULL, NULL, NULL, NULL, NULL, NULL, NULL, NULL, NULL, NULL, NULL, NULL, NULL, NULL, NULL, NULL, NULL, NULL),
(457, 36, 8, 1, NULL, NULL, NULL, NULL, NULL, NULL, NULL, NULL, NULL, NULL, NULL, NULL, NULL, NULL, NULL, NULL, NULL, NULL, NULL, NULL, NULL, NULL, NULL, NULL, NULL, NULL, NULL, NULL, NULL, NULL, NULL),
(458, 37, 8, 1, NULL, NULL, NULL, NULL, NULL, NULL, NULL, NULL, NULL, NULL, NULL, NULL, NULL, NULL, NULL, NULL, NULL, NULL, NULL, NULL, NULL, NULL, NULL, NULL, NULL, NULL, NULL, NULL, NULL, NULL, NULL),
(459, 38, 8, 1, NULL, NULL, NULL, NULL, NULL, NULL, NULL, NULL, NULL, NULL, NULL, NULL, NULL, NULL, NULL, NULL, NULL, NULL, NULL, NULL, NULL, NULL, NULL, NULL, NULL, NULL, NULL, NULL, NULL, NULL, NULL),
(460, 39, 8, 1, NULL, NULL, NULL, NULL, NULL, NULL, NULL, NULL, NULL, NULL, NULL, NULL, NULL, NULL, NULL, NULL, NULL, NULL, NULL, NULL, NULL, NULL, NULL, NULL, NULL, NULL, NULL, NULL, NULL, NULL, NULL),
(461, 40, 8, 1, NULL, NULL, NULL, NULL, NULL, NULL, NULL, NULL, NULL, NULL, NULL, NULL, NULL, NULL, NULL, NULL, NULL, NULL, NULL, NULL, NULL, NULL, NULL, NULL, NULL, NULL, NULL, NULL, NULL, NULL, NULL),
(462, 41, 8, 1, NULL, NULL, NULL, NULL, NULL, NULL, NULL, NULL, NULL, NULL, NULL, NULL, NULL, NULL, NULL, NULL, NULL, NULL, NULL, NULL, NULL, NULL, NULL, NULL, NULL, NULL, NULL, NULL, NULL, NULL, NULL),
(463, 42, 8, 1, NULL, NULL, NULL, NULL, NULL, NULL, NULL, NULL, NULL, NULL, NULL, NULL, NULL, NULL, NULL, NULL, NULL, NULL, NULL, NULL, NULL, NULL, NULL, NULL, NULL, NULL, NULL, NULL, NULL, NULL, NULL),
(464, 43, 8, 1, NULL, NULL, NULL, NULL, NULL, NULL, NULL, NULL, NULL, NULL, NULL, NULL, NULL, NULL, NULL, NULL, NULL, NULL, NULL, NULL, NULL, NULL, NULL, NULL, NULL, NULL, NULL, NULL, NULL, NULL, NULL),
(465, 44, 8, 1, NULL, NULL, NULL, NULL, NULL, NULL, NULL, NULL, NULL, NULL, NULL, NULL, NULL, NULL, NULL, NULL, NULL, NULL, NULL, NULL, NULL, NULL, NULL, NULL, NULL, NULL, NULL, NULL, NULL, NULL, NULL),
(466, 204, 3, 1, NULL, NULL, NULL, NULL, NULL, NULL, NULL, NULL, NULL, NULL, NULL, NULL, NULL, NULL, NULL, NULL, NULL, NULL, NULL, NULL, NULL, NULL, NULL, NULL, NULL, NULL, NULL, NULL, NULL, NULL, NULL),
(467, 205, 3, 1, NULL, NULL, NULL, NULL, NULL, NULL, NULL, NULL, NULL, NULL, NULL, NULL, NULL, NULL, NULL, NULL, NULL, NULL, NULL, NULL, NULL, NULL, NULL, NULL, NULL, NULL, NULL, NULL, NULL, NULL, NULL),
(468, 206, 3, 1, NULL, NULL, NULL, NULL, NULL, NULL, NULL, NULL, NULL, NULL, NULL, NULL, NULL, NULL, NULL, NULL, NULL, NULL, NULL, NULL, NULL, NULL, NULL, NULL, NULL, NULL, NULL, NULL, NULL, NULL, NULL),
(469, 207, 3, 1, NULL, NULL, NULL, NULL, NULL, NULL, NULL, NULL, NULL, NULL, NULL, NULL, NULL, NULL, NULL, NULL, NULL, NULL, NULL, NULL, NULL, NULL, NULL, NULL, NULL, NULL, NULL, NULL, NULL, NULL, NULL),
(470, 208, 3, 1, NULL, NULL, NULL, NULL, NULL, NULL, NULL, NULL, NULL, NULL, NULL, NULL, NULL, NULL, NULL, NULL, NULL, NULL, NULL, NULL, NULL, NULL, NULL, NULL, NULL, NULL, NULL, NULL, NULL, NULL, NULL),
(471, 115, 2, 1, 0, 0, 0, 0, 0, 0, 0, 0, 0, 0, 0, 0, 0, 0, 0, 0, 0, 0, 0, 0, 0, 0, 0, 0, 0, 0, 0, 0, 0, 0, 0),
(472, 116, 2, 1, 1, 2, 1, 1, 1, 1, 1, 2, 1, 0, 0, 0, 0, 0, 0, 0, 0, 0, 0, 0, 0, 0, 0, 0, 0, 0, 0, 0, 0, 0, 0),
(473, 117, 2, 1, 0, 0, 0, 0, 0, 0, 0, 0, 0, 0, 0, 0, 0, 0, 0, 0, 0, 0, 0, 0, 0, 0, 0, 0, 0, 0, 0, 0, 0, 0, 0),
(474, 118, 2, 1, 0, 0, 0, 0, 0, 0, 0, 0, 0, 0, 0, 0, 0, 0, 0, 0, 0, 0, 0, 0, 0, 0, 0, 0, 0, 0, 0, 0, 0, 0, 0),
(475, 119, 2, 1, 0, 0, 0, 0, 0, 0, 0, 0, 0, 0, 0, 0, 0, 0, 0, 0, 0, 0, 0, 0, 0, 0, 0, 0, 0, 0, 0, 0, 0, 0, 0),
(476, 120, 2, 1, 0, 0, 0, 0, 0, 0, 0, 0, 0, 0, 0, 0, 0, 0, 0, 0, 0, 0, 0, 0, 0, 0, 0, 0, 0, 0, 0, 0, 0, 0, 0),
(477, 121, 2, 1, 0, 0, 0, 0, 0, 0, 0, 0, 0, 0, 0, 0, 0, 0, 0, 0, 0, 0, 0, 0, 0, 0, 0, 0, 0, 0, 0, 0, 0, 0, 0),
(478, 122, 2, 1, 0, 0, 0, 0, 0, 0, 0, 0, 0, 0, 0, 0, 0, 0, 0, 0, 0, 0, 0, 0, 0, 0, 0, 0, 0, 0, 0, 0, 0, 0, 0),
(479, 123, 2, 1, 0, 0, 0, 0, 0, 0, 0, 0, 0, 0, 0, 0, 0, 0, 0, 0, 0, 0, 0, 0, 0, 0, 0, 0, 0, 0, 0, 0, 0, 0, 0),
(480, 124, 2, 1, 0, 0, 0, 0, 0, 0, 0, 0, 0, 0, 0, 0, 0, 0, 0, 0, 0, 0, 0, 0, 0, 0, 0, 0, 0, 0, 0, 0, 0, 0, 0),
(481, 125, 2, 1, 0, 0, 0, 0, 0, 0, 0, 0, 0, 0, 0, 0, 0, 0, 0, 0, 0, 0, 0, 0, 0, 0, 0, 0, 0, 0, 0, 0, 0, 0, 0),
(482, 126, 2, 1, 0, 0, 0, 0, 0, 0, 0, 0, 0, 0, 0, 0, 0, 0, 0, 0, 0, 0, 0, 0, 0, 0, 0, 0, 0, 0, 0, 0, 0, 0, 0),
(483, 127, 2, 1, 0, 0, 0, 0, 0, 0, 0, 0, 0, 0, 0, 0, 0, 0, 0, 0, 0, 0, 0, 0, 0, 0, 0, 0, 0, 0, 0, 0, 0, 0, 0),
(484, 128, 2, 1, 0, 0, 0, 0, 0, 0, 0, 0, 0, 0, 0, 0, 0, 0, 0, 0, 0, 0, 0, 0, 0, 0, 0, 0, 0, 0, 0, 0, 0, 0, 0),
(485, 129, 2, 1, 0, 0, 0, 0, 0, 0, 0, 0, 0, 0, 0, 0, 0, 0, 0, 0, 0, 0, 0, 0, 0, 0, 0, 0, 0, 0, 0, 0, 0, 0, 0),
(486, 130, 2, 1, 0, 0, 0, 0, 0, 0, 0, 0, 0, 0, 0, 0, 0, 0, 0, 0, 0, 0, 0, 0, 0, 0, 0, 0, 0, 0, 0, 0, 0, 0, 0),
(487, 131, 2, 1, 0, 0, 0, 0, 0, 0, 0, 0, 0, 0, 0, 0, 0, 0, 0, 0, 0, 0, 0, 0, 0, 0, 0, 0, 0, 0, 0, 0, 0, 0, 0),
(488, 132, 2, 1, 0, 0, 0, 0, 0, 0, 0, 0, 0, 0, 0, 0, 0, 0, 0, 0, 0, 0, 0, 0, 0, 0, 0, 0, 0, 0, 0, 0, 0, 0, 0),
(489, 133, 2, 1, 0, 0, 0, 0, 0, 0, 0, 0, 0, 0, 0, 0, 0, 0, 0, 0, 0, 0, 0, 0, 0, 0, 0, 0, 0, 0, 0, 0, 0, 0, 0),
(490, 134, 2, 1, 0, 0, 0, 0, 0, 0, 0, 0, 0, 0, 0, 0, 0, 0, 0, 0, 0, 0, 0, 0, 0, 0, 0, 0, 0, 0, 0, 0, 0, 0, 0),
(491, 135, 2, 1, 0, 0, 0, 0, 0, 0, 0, 0, 0, 0, 0, 0, 0, 0, 0, 0, 0, 0, 0, 0, 0, 0, 0, 0, 0, 0, 0, 0, 0, 0, 0),
(492, 136, 2, 1, 0, 0, 0, 0, 0, 0, 0, 0, 0, 0, 0, 0, 0, 0, 0, 0, 0, 0, 0, 0, 0, 0, 0, 0, 0, 0, 0, 0, 0, 0, 0),
(493, 137, 2, 1, 0, 0, 0, 0, 0, 0, 0, 0, 0, 0, 0, 0, 0, 0, 0, 0, 0, 0, 0, 0, 0, 0, 0, 0, 0, 0, 0, 0, 0, 0, 0),
(494, 138, 2, 1, 0, 0, 0, 0, 0, 0, 0, 0, 0, 0, 0, 0, 0, 0, 0, 0, 0, 0, 0, 0, 0, 0, 0, 0, 0, 0, 0, 0, 0, 0, 0),
(495, 139, 2, 1, 0, 0, 0, 0, 0, 0, 0, 0, 0, 0, 0, 0, 0, 0, 0, 0, 0, 0, 0, 0, 0, 0, 0, 0, 0, 0, 0, 0, 0, 0, 0),
(496, 140, 2, 1, 0, 0, 0, 0, 0, 0, 0, 0, 0, 0, 0, 0, 0, 0, 0, 0, 0, 0, 0, 0, 0, 0, 0, 0, 0, 0, 0, 0, 0, 0, 0),
(497, 141, 2, 1, 0, 0, 0, 0, 0, 0, 0, 0, 0, 0, 0, 0, 0, 0, 0, 0, 0, 0, 0, 0, 0, 0, 0, 0, 0, 0, 0, 0, 0, 0, 0),
(498, 142, 2, 1, 0, 0, 0, 0, 0, 0, 0, 0, 0, 0, 0, 0, 0, 0, 0, 0, 0, 0, 0, 0, 0, 0, 0, 0, 0, 0, 0, 0, 0, 0, 0),
(499, 143, 2, 1, 0, 0, 0, 0, 0, 0, 0, 0, 0, 0, 0, 0, 0, 0, 0, 0, 0, 0, 0, 0, 0, 0, 0, 0, 0, 0, 0, 0, 0, 0, 0),
(500, 144, 2, 1, 0, 0, 0, 0, 0, 0, 0, 0, 0, 0, 0, 0, 0, 0, 0, 0, 0, 0, 0, 0, 0, 0, 0, 0, 0, 0, 0, 0, 0, 0, 0),
(501, 145, 2, 1, 0, 0, 0, 0, 0, 0, 0, 0, 0, 0, 0, 0, 0, 0, 0, 0, 0, 0, 0, 0, 0, 0, 0, 0, 0, 0, 0, 0, 0, 0, 0),
(502, 146, 2, 1, 0, 0, 0, 0, 0, 0, 0, 0, 0, 0, 0, 0, 0, 0, 0, 0, 0, 0, 0, 0, 0, 0, 0, 0, 0, 0, 0, 0, 0, 0, 0),
(503, 147, 2, 1, 0, 0, 0, 0, 0, 0, 0, 0, 0, 0, 0, 0, 0, 0, 0, 0, 0, 0, 0, 0, 0, 0, 0, 0, 0, 0, 0, 0, 0, 0, 0),
(504, 148, 2, 1, 0, 0, 0, 0, 0, 0, 0, 0, 0, 0, 0, 0, 0, 0, 0, 0, 0, 0, 0, 0, 0, 0, 0, 0, 0, 0, 0, 0, 0, 0, 0),
(505, 209, 2, 1, 0, 0, 0, 0, 0, 0, 0, 0, 0, 0, 0, 0, 0, 0, 0, 0, 0, 0, 0, 0, 0, 0, 0, 0, 0, 0, 0, 0, 0, 0, 0),
(506, 210, 2, 1, 0, 0, 0, 0, 0, 0, 0, 0, 0, 0, 0, 0, 0, 0, 0, 0, 0, 0, 0, 0, 0, 0, 0, 0, 0, 0, 0, 0, 0, 0, 0),
(507, 211, 2, 1, 0, 0, 0, 0, 0, 0, 0, 0, 0, 0, 0, 0, 0, 0, 0, 0, 0, 0, 0, 0, 0, 0, 0, 0, 0, 0, 0, 0, 0, 0, 0),
(508, 212, 2, 1, 0, 0, 0, 0, 0, 0, 0, 0, 0, 0, 0, 0, 0, 0, 0, 0, 0, 0, 0, 0, 0, 0, 0, 0, 0, 0, 0, 0, 0, 0, 0),
(509, 213, 2, 1, 0, 0, 0, 0, 0, 0, 0, 0, 0, 0, 0, 0, 0, 0, 0, 0, 0, 0, 0, 0, 0, 0, 0, 0, 0, 0, 0, 0, 0, 0, 0),
(510, 214, 2, 1, 0, 0, 0, 0, 0, 0, 0, 0, 0, 0, 0, 0, 0, 0, 0, 0, 0, 0, 0, 0, 0, 0, 0, 0, 0, 0, 0, 0, 0, 0, 0),
(511, 215, 2, 1, 0, 0, 0, 0, 0, 0, 0, 0, 0, 0, 0, 0, 0, 0, 0, 0, 0, 0, 0, 0, 0, 0, 0, 0, 0, 0, 0, 0, 0, 0, 0),
(512, 216, 2, 1, 0, 0, 0, 0, 0, 0, 0, 0, 0, 0, 0, 0, 0, 0, 0, 0, 0, 0, 0, 0, 0, 0, 0, 0, 0, 0, 0, 0, 0, 0, 0),
(513, 115, 8, 1, NULL, NULL, NULL, NULL, NULL, NULL, NULL, NULL, NULL, NULL, NULL, NULL, NULL, NULL, NULL, NULL, NULL, NULL, NULL, NULL, NULL, NULL, NULL, NULL, NULL, NULL, NULL, NULL, NULL, NULL, NULL),
(514, 116, 8, 1, NULL, NULL, NULL, NULL, NULL, NULL, NULL, NULL, NULL, NULL, NULL, NULL, NULL, NULL, NULL, NULL, NULL, NULL, NULL, NULL, NULL, NULL, NULL, NULL, NULL, NULL, NULL, NULL, NULL, NULL, NULL),
(515, 117, 8, 1, NULL, NULL, NULL, NULL, NULL, NULL, NULL, NULL, NULL, NULL, NULL, NULL, NULL, NULL, NULL, NULL, NULL, NULL, NULL, NULL, NULL, NULL, NULL, NULL, NULL, NULL, NULL, NULL, NULL, NULL, NULL),
(516, 118, 8, 1, NULL, NULL, NULL, NULL, NULL, NULL, NULL, NULL, NULL, NULL, NULL, NULL, NULL, NULL, NULL, NULL, NULL, NULL, NULL, NULL, NULL, NULL, NULL, NULL, NULL, NULL, NULL, NULL, NULL, NULL, NULL),
(517, 119, 8, 1, NULL, NULL, NULL, NULL, NULL, NULL, NULL, NULL, NULL, NULL, NULL, NULL, NULL, NULL, NULL, NULL, NULL, NULL, NULL, NULL, NULL, NULL, NULL, NULL, NULL, NULL, NULL, NULL, NULL, NULL, NULL),
(518, 120, 8, 1, NULL, NULL, NULL, NULL, NULL, NULL, NULL, NULL, NULL, NULL, NULL, NULL, NULL, NULL, NULL, NULL, NULL, NULL, NULL, NULL, NULL, NULL, NULL, NULL, NULL, NULL, NULL, NULL, NULL, NULL, NULL),
(519, 121, 8, 1, NULL, NULL, NULL, NULL, NULL, NULL, NULL, NULL, NULL, NULL, NULL, NULL, NULL, NULL, NULL, NULL, NULL, NULL, NULL, NULL, NULL, NULL, NULL, NULL, NULL, NULL, NULL, NULL, NULL, NULL, NULL),
(520, 122, 8, 1, NULL, NULL, NULL, NULL, NULL, NULL, NULL, NULL, NULL, NULL, NULL, NULL, NULL, NULL, NULL, NULL, NULL, NULL, NULL, NULL, NULL, NULL, NULL, NULL, NULL, NULL, NULL, NULL, NULL, NULL, NULL),
(521, 123, 8, 1, NULL, NULL, NULL, NULL, NULL, NULL, NULL, NULL, NULL, NULL, NULL, NULL, NULL, NULL, NULL, NULL, NULL, NULL, NULL, NULL, NULL, NULL, NULL, NULL, NULL, NULL, NULL, NULL, NULL, NULL, NULL),
(522, 124, 8, 1, NULL, NULL, NULL, NULL, NULL, NULL, NULL, NULL, NULL, NULL, NULL, NULL, NULL, NULL, NULL, NULL, NULL, NULL, NULL, NULL, NULL, NULL, NULL, NULL, NULL, NULL, NULL, NULL, NULL, NULL, NULL),
(523, 125, 8, 1, NULL, NULL, NULL, NULL, NULL, NULL, NULL, NULL, NULL, NULL, NULL, NULL, NULL, NULL, NULL, NULL, NULL, NULL, NULL, NULL, NULL, NULL, NULL, NULL, NULL, NULL, NULL, NULL, NULL, NULL, NULL),
(524, 126, 8, 1, NULL, NULL, NULL, NULL, NULL, NULL, NULL, NULL, NULL, NULL, NULL, NULL, NULL, NULL, NULL, NULL, NULL, NULL, NULL, NULL, NULL, NULL, NULL, NULL, NULL, NULL, NULL, NULL, NULL, NULL, NULL),
(525, 127, 8, 1, NULL, NULL, NULL, NULL, NULL, NULL, NULL, NULL, NULL, NULL, NULL, NULL, NULL, NULL, NULL, NULL, NULL, NULL, NULL, NULL, NULL, NULL, NULL, NULL, NULL, NULL, NULL, NULL, NULL, NULL, NULL),
(526, 128, 8, 1, NULL, NULL, NULL, NULL, NULL, NULL, NULL, NULL, NULL, NULL, NULL, NULL, NULL, NULL, NULL, NULL, NULL, NULL, NULL, NULL, NULL, NULL, NULL, NULL, NULL, NULL, NULL, NULL, NULL, NULL, NULL),
(527, 129, 8, 1, NULL, NULL, NULL, NULL, NULL, NULL, NULL, NULL, NULL, NULL, NULL, NULL, NULL, NULL, NULL, NULL, NULL, NULL, NULL, NULL, NULL, NULL, NULL, NULL, NULL, NULL, NULL, NULL, NULL, NULL, NULL),
(528, 130, 8, 1, NULL, NULL, NULL, NULL, NULL, NULL, NULL, NULL, NULL, NULL, NULL, NULL, NULL, NULL, NULL, NULL, NULL, NULL, NULL, NULL, NULL, NULL, NULL, NULL, NULL, NULL, NULL, NULL, NULL, NULL, NULL),
(529, 131, 8, 1, NULL, NULL, NULL, NULL, NULL, NULL, NULL, NULL, NULL, NULL, NULL, NULL, NULL, NULL, NULL, NULL, NULL, NULL, NULL, NULL, NULL, NULL, NULL, NULL, NULL, NULL, NULL, NULL, NULL, NULL, NULL),
(530, 132, 8, 1, NULL, NULL, NULL, NULL, NULL, NULL, NULL, NULL, NULL, NULL, NULL, NULL, NULL, NULL, NULL, NULL, NULL, NULL, NULL, NULL, NULL, NULL, NULL, NULL, NULL, NULL, NULL, NULL, NULL, NULL, NULL),
(531, 133, 8, 1, NULL, NULL, NULL, NULL, NULL, NULL, NULL, NULL, NULL, NULL, NULL, NULL, NULL, NULL, NULL, NULL, NULL, NULL, NULL, NULL, NULL, NULL, NULL, NULL, NULL, NULL, NULL, NULL, NULL, NULL, NULL),
(532, 134, 8, 1, NULL, NULL, NULL, NULL, NULL, NULL, NULL, NULL, NULL, NULL, NULL, NULL, NULL, NULL, NULL, NULL, NULL, NULL, NULL, NULL, NULL, NULL, NULL, NULL, NULL, NULL, NULL, NULL, NULL, NULL, NULL),
(533, 135, 8, 1, NULL, NULL, NULL, NULL, NULL, NULL, NULL, NULL, NULL, NULL, NULL, NULL, NULL, NULL, NULL, NULL, NULL, NULL, NULL, NULL, NULL, NULL, NULL, NULL, NULL, NULL, NULL, NULL, NULL, NULL, NULL),
(534, 136, 8, 1, NULL, NULL, NULL, NULL, NULL, NULL, NULL, NULL, NULL, NULL, NULL, NULL, NULL, NULL, NULL, NULL, NULL, NULL, NULL, NULL, NULL, NULL, NULL, NULL, NULL, NULL, NULL, NULL, NULL, NULL, NULL),
(535, 137, 8, 1, NULL, NULL, NULL, NULL, NULL, NULL, NULL, NULL, NULL, NULL, NULL, NULL, NULL, NULL, NULL, NULL, NULL, NULL, NULL, NULL, NULL, NULL, NULL, NULL, NULL, NULL, NULL, NULL, NULL, NULL, NULL),
(536, 138, 8, 1, NULL, NULL, NULL, NULL, NULL, NULL, NULL, NULL, NULL, NULL, NULL, NULL, NULL, NULL, NULL, NULL, NULL, NULL, NULL, NULL, NULL, NULL, NULL, NULL, NULL, NULL, NULL, NULL, NULL, NULL, NULL),
(537, 139, 8, 1, NULL, NULL, NULL, NULL, NULL, NULL, NULL, NULL, NULL, NULL, NULL, NULL, NULL, NULL, NULL, NULL, NULL, NULL, NULL, NULL, NULL, NULL, NULL, NULL, NULL, NULL, NULL, NULL, NULL, NULL, NULL),
(538, 140, 8, 1, NULL, NULL, NULL, NULL, NULL, NULL, NULL, NULL, NULL, NULL, NULL, NULL, NULL, NULL, NULL, NULL, NULL, NULL, NULL, NULL, NULL, NULL, NULL, NULL, NULL, NULL, NULL, NULL, NULL, NULL, NULL),
(539, 141, 8, 1, NULL, NULL, NULL, NULL, NULL, NULL, NULL, NULL, NULL, NULL, NULL, NULL, NULL, NULL, NULL, NULL, NULL, NULL, NULL, NULL, NULL, NULL, NULL, NULL, NULL, NULL, NULL, NULL, NULL, NULL, NULL),
(540, 142, 8, 1, NULL, NULL, NULL, NULL, NULL, NULL, NULL, NULL, NULL, NULL, NULL, NULL, NULL, NULL, NULL, NULL, NULL, NULL, NULL, NULL, NULL, NULL, NULL, NULL, NULL, NULL, NULL, NULL, NULL, NULL, NULL),
(541, 143, 8, 1, NULL, NULL, NULL, NULL, NULL, NULL, NULL, NULL, NULL, NULL, NULL, NULL, NULL, NULL, NULL, NULL, NULL, NULL, NULL, NULL, NULL, NULL, NULL, NULL, NULL, NULL, NULL, NULL, NULL, NULL, NULL),
(542, 144, 8, 1, NULL, NULL, NULL, NULL, NULL, NULL, NULL, NULL, NULL, NULL, NULL, NULL, NULL, NULL, NULL, NULL, NULL, NULL, NULL, NULL, NULL, NULL, NULL, NULL, NULL, NULL, NULL, NULL, NULL, NULL, NULL),
(543, 145, 8, 1, NULL, NULL, NULL, NULL, NULL, NULL, NULL, NULL, NULL, NULL, NULL, NULL, NULL, NULL, NULL, NULL, NULL, NULL, NULL, NULL, NULL, NULL, NULL, NULL, NULL, NULL, NULL, NULL, NULL, NULL, NULL),
(544, 146, 8, 1, NULL, NULL, NULL, NULL, NULL, NULL, NULL, NULL, NULL, NULL, NULL, NULL, NULL, NULL, NULL, NULL, NULL, NULL, NULL, NULL, NULL, NULL, NULL, NULL, NULL, NULL, NULL, NULL, NULL, NULL, NULL),
(545, 147, 8, 1, NULL, NULL, NULL, NULL, NULL, NULL, NULL, NULL, NULL, NULL, NULL, NULL, NULL, NULL, NULL, NULL, NULL, NULL, NULL, NULL, NULL, NULL, NULL, NULL, NULL, NULL, NULL, NULL, NULL, NULL, NULL),
(546, 148, 8, 1, NULL, NULL, NULL, NULL, NULL, NULL, NULL, NULL, NULL, NULL, NULL, NULL, NULL, NULL, NULL, NULL, NULL, NULL, NULL, NULL, NULL, NULL, NULL, NULL, NULL, NULL, NULL, NULL, NULL, NULL, NULL),
(547, 209, 8, 1, NULL, NULL, NULL, NULL, NULL, NULL, NULL, NULL, NULL, NULL, NULL, NULL, NULL, NULL, NULL, NULL, NULL, NULL, NULL, NULL, NULL, NULL, NULL, NULL, NULL, NULL, NULL, NULL, NULL, NULL, NULL),
(548, 210, 8, 1, NULL, NULL, NULL, NULL, NULL, NULL, NULL, NULL, NULL, NULL, NULL, NULL, NULL, NULL, NULL, NULL, NULL, NULL, NULL, NULL, NULL, NULL, NULL, NULL, NULL, NULL, NULL, NULL, NULL, NULL, NULL),
(549, 211, 8, 1, NULL, NULL, NULL, NULL, NULL, NULL, NULL, NULL, NULL, NULL, NULL, NULL, NULL, NULL, NULL, NULL, NULL, NULL, NULL, NULL, NULL, NULL, NULL, NULL, NULL, NULL, NULL, NULL, NULL, NULL, NULL),
(550, 212, 8, 1, NULL, NULL, NULL, NULL, NULL, NULL, NULL, NULL, NULL, NULL, NULL, NULL, NULL, NULL, NULL, NULL, NULL, NULL, NULL, NULL, NULL, NULL, NULL, NULL, NULL, NULL, NULL, NULL, NULL, NULL, NULL),
(551, 213, 8, 1, NULL, NULL, NULL, NULL, NULL, NULL, NULL, NULL, NULL, NULL, NULL, NULL, NULL, NULL, NULL, NULL, NULL, NULL, NULL, NULL, NULL, NULL, NULL, NULL, NULL, NULL, NULL, NULL, NULL, NULL, NULL),
(552, 214, 8, 1, NULL, NULL, NULL, NULL, NULL, NULL, NULL, NULL, NULL, NULL, NULL, NULL, NULL, NULL, NULL, NULL, NULL, NULL, NULL, NULL, NULL, NULL, NULL, NULL, NULL, NULL, NULL, NULL, NULL, NULL, NULL),
(553, 215, 8, 1, NULL, NULL, NULL, NULL, NULL, NULL, NULL, NULL, NULL, NULL, NULL, NULL, NULL, NULL, NULL, NULL, NULL, NULL, NULL, NULL, NULL, NULL, NULL, NULL, NULL, NULL, NULL, NULL, NULL, NULL, NULL),
(554, 216, 8, 1, NULL, NULL, NULL, NULL, NULL, NULL, NULL, NULL, NULL, NULL, NULL, NULL, NULL, NULL, NULL, NULL, NULL, NULL, NULL, NULL, NULL, NULL, NULL, NULL, NULL, NULL, NULL, NULL, NULL, NULL, NULL),
(555, 115, 17, 1, NULL, NULL, NULL, NULL, NULL, NULL, NULL, NULL, NULL, NULL, NULL, NULL, NULL, NULL, NULL, NULL, NULL, NULL, NULL, NULL, NULL, NULL, NULL, NULL, NULL, NULL, NULL, NULL, NULL, NULL, NULL),
(556, 116, 17, 1, NULL, NULL, NULL, NULL, NULL, NULL, NULL, NULL, NULL, NULL, NULL, NULL, NULL, NULL, NULL, NULL, NULL, NULL, NULL, NULL, NULL, NULL, NULL, NULL, NULL, NULL, NULL, NULL, NULL, NULL, NULL),
(557, 117, 17, 1, NULL, NULL, NULL, NULL, NULL, NULL, NULL, NULL, NULL, NULL, NULL, NULL, NULL, NULL, NULL, NULL, NULL, NULL, NULL, NULL, NULL, NULL, NULL, NULL, NULL, NULL, NULL, NULL, NULL, NULL, NULL),
(558, 118, 17, 1, NULL, NULL, NULL, NULL, NULL, NULL, NULL, NULL, NULL, NULL, NULL, NULL, NULL, NULL, NULL, NULL, NULL, NULL, NULL, NULL, NULL, NULL, NULL, NULL, NULL, NULL, NULL, NULL, NULL, NULL, NULL),
(559, 119, 17, 1, NULL, NULL, NULL, NULL, NULL, NULL, NULL, NULL, NULL, NULL, NULL, NULL, NULL, NULL, NULL, NULL, NULL, NULL, NULL, NULL, NULL, NULL, NULL, NULL, NULL, NULL, NULL, NULL, NULL, NULL, NULL),
(560, 120, 17, 1, NULL, NULL, NULL, NULL, NULL, NULL, NULL, NULL, NULL, NULL, NULL, NULL, NULL, NULL, NULL, NULL, NULL, NULL, NULL, NULL, NULL, NULL, NULL, NULL, NULL, NULL, NULL, NULL, NULL, NULL, NULL),
(561, 121, 17, 1, NULL, NULL, NULL, NULL, NULL, NULL, NULL, NULL, NULL, NULL, NULL, NULL, NULL, NULL, NULL, NULL, NULL, NULL, NULL, NULL, NULL, NULL, NULL, NULL, NULL, NULL, NULL, NULL, NULL, NULL, NULL),
(562, 122, 17, 1, NULL, NULL, NULL, NULL, NULL, NULL, NULL, NULL, NULL, NULL, NULL, NULL, NULL, NULL, NULL, NULL, NULL, NULL, NULL, NULL, NULL, NULL, NULL, NULL, NULL, NULL, NULL, NULL, NULL, NULL, NULL),
(563, 123, 17, 1, NULL, NULL, NULL, NULL, NULL, NULL, NULL, NULL, NULL, NULL, NULL, NULL, NULL, NULL, NULL, NULL, NULL, NULL, NULL, NULL, NULL, NULL, NULL, NULL, NULL, NULL, NULL, NULL, NULL, NULL, NULL),
(564, 124, 17, 1, NULL, NULL, NULL, NULL, NULL, NULL, NULL, NULL, NULL, NULL, NULL, NULL, NULL, NULL, NULL, NULL, NULL, NULL, NULL, NULL, NULL, NULL, NULL, NULL, NULL, NULL, NULL, NULL, NULL, NULL, NULL),
(565, 125, 17, 1, NULL, NULL, NULL, NULL, NULL, NULL, NULL, NULL, NULL, NULL, NULL, NULL, NULL, NULL, NULL, NULL, NULL, NULL, NULL, NULL, NULL, NULL, NULL, NULL, NULL, NULL, NULL, NULL, NULL, NULL, NULL),
(566, 126, 17, 1, NULL, NULL, NULL, NULL, NULL, NULL, NULL, NULL, NULL, NULL, NULL, NULL, NULL, NULL, NULL, NULL, NULL, NULL, NULL, NULL, NULL, NULL, NULL, NULL, NULL, NULL, NULL, NULL, NULL, NULL, NULL),
(567, 127, 17, 1, NULL, NULL, NULL, NULL, NULL, NULL, NULL, NULL, NULL, NULL, NULL, NULL, NULL, NULL, NULL, NULL, NULL, NULL, NULL, NULL, NULL, NULL, NULL, NULL, NULL, NULL, NULL, NULL, NULL, NULL, NULL),
(568, 128, 17, 1, NULL, NULL, NULL, NULL, NULL, NULL, NULL, NULL, NULL, NULL, NULL, NULL, NULL, NULL, NULL, NULL, NULL, NULL, NULL, NULL, NULL, NULL, NULL, NULL, NULL, NULL, NULL, NULL, NULL, NULL, NULL),
(569, 129, 17, 1, NULL, NULL, NULL, NULL, NULL, NULL, NULL, NULL, NULL, NULL, NULL, NULL, NULL, NULL, NULL, NULL, NULL, NULL, NULL, NULL, NULL, NULL, NULL, NULL, NULL, NULL, NULL, NULL, NULL, NULL, NULL),
(570, 130, 17, 1, NULL, NULL, NULL, NULL, NULL, NULL, NULL, NULL, NULL, NULL, NULL, NULL, NULL, NULL, NULL, NULL, NULL, NULL, NULL, NULL, NULL, NULL, NULL, NULL, NULL, NULL, NULL, NULL, NULL, NULL, NULL),
(571, 131, 17, 1, NULL, NULL, NULL, NULL, NULL, NULL, NULL, NULL, NULL, NULL, NULL, NULL, NULL, NULL, NULL, NULL, NULL, NULL, NULL, NULL, NULL, NULL, NULL, NULL, NULL, NULL, NULL, NULL, NULL, NULL, NULL),
(572, 132, 17, 1, NULL, NULL, NULL, NULL, NULL, NULL, NULL, NULL, NULL, NULL, NULL, NULL, NULL, NULL, NULL, NULL, NULL, NULL, NULL, NULL, NULL, NULL, NULL, NULL, NULL, NULL, NULL, NULL, NULL, NULL, NULL),
(573, 133, 17, 1, NULL, NULL, NULL, NULL, NULL, NULL, NULL, NULL, NULL, NULL, NULL, NULL, NULL, NULL, NULL, NULL, NULL, NULL, NULL, NULL, NULL, NULL, NULL, NULL, NULL, NULL, NULL, NULL, NULL, NULL, NULL),
(574, 134, 17, 1, NULL, NULL, NULL, NULL, NULL, NULL, NULL, NULL, NULL, NULL, NULL, NULL, NULL, NULL, NULL, NULL, NULL, NULL, NULL, NULL, NULL, NULL, NULL, NULL, NULL, NULL, NULL, NULL, NULL, NULL, NULL),
(575, 135, 17, 1, NULL, NULL, NULL, NULL, NULL, NULL, NULL, NULL, NULL, NULL, NULL, NULL, NULL, NULL, NULL, NULL, NULL, NULL, NULL, NULL, NULL, NULL, NULL, NULL, NULL, NULL, NULL, NULL, NULL, NULL, NULL),
(576, 136, 17, 1, NULL, NULL, NULL, NULL, NULL, NULL, NULL, NULL, NULL, NULL, NULL, NULL, NULL, NULL, NULL, NULL, NULL, NULL, NULL, NULL, NULL, NULL, NULL, NULL, NULL, NULL, NULL, NULL, NULL, NULL, NULL),
(577, 137, 17, 1, NULL, NULL, NULL, NULL, NULL, NULL, NULL, NULL, NULL, NULL, NULL, NULL, NULL, NULL, NULL, NULL, NULL, NULL, NULL, NULL, NULL, NULL, NULL, NULL, NULL, NULL, NULL, NULL, NULL, NULL, NULL),
(578, 138, 17, 1, NULL, NULL, NULL, NULL, NULL, NULL, NULL, NULL, NULL, NULL, NULL, NULL, NULL, NULL, NULL, NULL, NULL, NULL, NULL, NULL, NULL, NULL, NULL, NULL, NULL, NULL, NULL, NULL, NULL, NULL, NULL),
(579, 139, 17, 1, NULL, NULL, NULL, NULL, NULL, NULL, NULL, NULL, NULL, NULL, NULL, NULL, NULL, NULL, NULL, NULL, NULL, NULL, NULL, NULL, NULL, NULL, NULL, NULL, NULL, NULL, NULL, NULL, NULL, NULL, NULL),
(580, 140, 17, 1, NULL, NULL, NULL, NULL, NULL, NULL, NULL, NULL, NULL, NULL, NULL, NULL, NULL, NULL, NULL, NULL, NULL, NULL, NULL, NULL, NULL, NULL, NULL, NULL, NULL, NULL, NULL, NULL, NULL, NULL, NULL),
(581, 141, 17, 1, NULL, NULL, NULL, NULL, NULL, NULL, NULL, NULL, NULL, NULL, NULL, NULL, NULL, NULL, NULL, NULL, NULL, NULL, NULL, NULL, NULL, NULL, NULL, NULL, NULL, NULL, NULL, NULL, NULL, NULL, NULL),
(582, 142, 17, 1, NULL, NULL, NULL, NULL, NULL, NULL, NULL, NULL, NULL, NULL, NULL, NULL, NULL, NULL, NULL, NULL, NULL, NULL, NULL, NULL, NULL, NULL, NULL, NULL, NULL, NULL, NULL, NULL, NULL, NULL, NULL),
(583, 143, 17, 1, NULL, NULL, NULL, NULL, NULL, NULL, NULL, NULL, NULL, NULL, NULL, NULL, NULL, NULL, NULL, NULL, NULL, NULL, NULL, NULL, NULL, NULL, NULL, NULL, NULL, NULL, NULL, NULL, NULL, NULL, NULL),
(584, 144, 17, 1, NULL, NULL, NULL, NULL, NULL, NULL, NULL, NULL, NULL, NULL, NULL, NULL, NULL, NULL, NULL, NULL, NULL, NULL, NULL, NULL, NULL, NULL, NULL, NULL, NULL, NULL, NULL, NULL, NULL, NULL, NULL),
(585, 145, 17, 1, NULL, NULL, NULL, NULL, NULL, NULL, NULL, NULL, NULL, NULL, NULL, NULL, NULL, NULL, NULL, NULL, NULL, NULL, NULL, NULL, NULL, NULL, NULL, NULL, NULL, NULL, NULL, NULL, NULL, NULL, NULL),
(586, 146, 17, 1, NULL, NULL, NULL, NULL, NULL, NULL, NULL, NULL, NULL, NULL, NULL, NULL, NULL, NULL, NULL, NULL, NULL, NULL, NULL, NULL, NULL, NULL, NULL, NULL, NULL, NULL, NULL, NULL, NULL, NULL, NULL),
(587, 147, 17, 1, NULL, NULL, NULL, NULL, NULL, NULL, NULL, NULL, NULL, NULL, NULL, NULL, NULL, NULL, NULL, NULL, NULL, NULL, NULL, NULL, NULL, NULL, NULL, NULL, NULL, NULL, NULL, NULL, NULL, NULL, NULL),
(588, 148, 17, 1, NULL, NULL, NULL, NULL, NULL, NULL, NULL, NULL, NULL, NULL, NULL, NULL, NULL, NULL, NULL, NULL, NULL, NULL, NULL, NULL, NULL, NULL, NULL, NULL, NULL, NULL, NULL, NULL, NULL, NULL, NULL),
(589, 209, 17, 1, NULL, NULL, NULL, NULL, NULL, NULL, NULL, NULL, NULL, NULL, NULL, NULL, NULL, NULL, NULL, NULL, NULL, NULL, NULL, NULL, NULL, NULL, NULL, NULL, NULL, NULL, NULL, NULL, NULL, NULL, NULL),
(590, 210, 17, 1, NULL, NULL, NULL, NULL, NULL, NULL, NULL, NULL, NULL, NULL, NULL, NULL, NULL, NULL, NULL, NULL, NULL, NULL, NULL, NULL, NULL, NULL, NULL, NULL, NULL, NULL, NULL, NULL, NULL, NULL, NULL),
(591, 211, 17, 1, NULL, NULL, NULL, NULL, NULL, NULL, NULL, NULL, NULL, NULL, NULL, NULL, NULL, NULL, NULL, NULL, NULL, NULL, NULL, NULL, NULL, NULL, NULL, NULL, NULL, NULL, NULL, NULL, NULL, NULL, NULL),
(592, 212, 17, 1, NULL, NULL, NULL, NULL, NULL, NULL, NULL, NULL, NULL, NULL, NULL, NULL, NULL, NULL, NULL, NULL, NULL, NULL, NULL, NULL, NULL, NULL, NULL, NULL, NULL, NULL, NULL, NULL, NULL, NULL, NULL),
(593, 213, 17, 1, NULL, NULL, NULL, NULL, NULL, NULL, NULL, NULL, NULL, NULL, NULL, NULL, NULL, NULL, NULL, NULL, NULL, NULL, NULL, NULL, NULL, NULL, NULL, NULL, NULL, NULL, NULL, NULL, NULL, NULL, NULL),
(594, 214, 17, 1, NULL, NULL, NULL, NULL, NULL, NULL, NULL, NULL, NULL, NULL, NULL, NULL, NULL, NULL, NULL, NULL, NULL, NULL, NULL, NULL, NULL, NULL, NULL, NULL, NULL, NULL, NULL, NULL, NULL, NULL, NULL),
(595, 215, 17, 1, NULL, NULL, NULL, NULL, NULL, NULL, NULL, NULL, NULL, NULL, NULL, NULL, NULL, NULL, NULL, NULL, NULL, NULL, NULL, NULL, NULL, NULL, NULL, NULL, NULL, NULL, NULL, NULL, NULL, NULL, NULL),
(596, 216, 17, 1, NULL, NULL, NULL, NULL, NULL, NULL, NULL, NULL, NULL, NULL, NULL, NULL, NULL, NULL, NULL, NULL, NULL, NULL, NULL, NULL, NULL, NULL, NULL, NULL, NULL, NULL, NULL, NULL, NULL, NULL, NULL),
(597, 115, 2, 10, NULL, NULL, NULL, NULL, NULL, NULL, NULL, NULL, NULL, NULL, NULL, NULL, NULL, NULL, NULL, NULL, NULL, NULL, NULL, NULL, NULL, NULL, NULL, NULL, NULL, NULL, NULL, NULL, NULL, NULL, NULL),
(598, 116, 2, 10, NULL, NULL, NULL, NULL, NULL, NULL, NULL, NULL, NULL, NULL, NULL, NULL, NULL, NULL, NULL, NULL, NULL, NULL, NULL, NULL, NULL, NULL, NULL, NULL, NULL, NULL, NULL, NULL, NULL, NULL, NULL),
(599, 117, 2, 10, NULL, NULL, NULL, NULL, NULL, NULL, NULL, NULL, NULL, NULL, NULL, NULL, NULL, NULL, NULL, NULL, NULL, NULL, NULL, NULL, NULL, NULL, NULL, NULL, NULL, NULL, NULL, NULL, NULL, NULL, NULL),
(600, 118, 2, 10, NULL, NULL, NULL, NULL, NULL, NULL, NULL, NULL, NULL, NULL, NULL, NULL, NULL, NULL, NULL, NULL, NULL, NULL, NULL, NULL, NULL, NULL, NULL, NULL, NULL, NULL, NULL, NULL, NULL, NULL, NULL),
(601, 119, 2, 10, NULL, NULL, NULL, NULL, NULL, NULL, NULL, NULL, NULL, NULL, NULL, NULL, NULL, NULL, NULL, NULL, NULL, NULL, NULL, NULL, NULL, NULL, NULL, NULL, NULL, NULL, NULL, NULL, NULL, NULL, NULL),
(602, 120, 2, 10, NULL, NULL, NULL, NULL, NULL, NULL, NULL, NULL, NULL, NULL, NULL, NULL, NULL, NULL, NULL, NULL, NULL, NULL, NULL, NULL, NULL, NULL, NULL, NULL, NULL, NULL, NULL, NULL, NULL, NULL, NULL),
(603, 121, 2, 10, NULL, NULL, NULL, NULL, NULL, NULL, NULL, NULL, NULL, NULL, NULL, NULL, NULL, NULL, NULL, NULL, NULL, NULL, NULL, NULL, NULL, NULL, NULL, NULL, NULL, NULL, NULL, NULL, NULL, NULL, NULL),
(604, 122, 2, 10, NULL, NULL, NULL, NULL, NULL, NULL, NULL, NULL, NULL, NULL, NULL, NULL, NULL, NULL, NULL, NULL, NULL, NULL, NULL, NULL, NULL, NULL, NULL, NULL, NULL, NULL, NULL, NULL, NULL, NULL, NULL),
(605, 123, 2, 10, NULL, NULL, NULL, NULL, NULL, NULL, NULL, NULL, NULL, NULL, NULL, NULL, NULL, NULL, NULL, NULL, NULL, NULL, NULL, NULL, NULL, NULL, NULL, NULL, NULL, NULL, NULL, NULL, NULL, NULL, NULL),
(606, 124, 2, 10, NULL, NULL, NULL, NULL, NULL, NULL, NULL, NULL, NULL, NULL, NULL, NULL, NULL, NULL, NULL, NULL, NULL, NULL, NULL, NULL, NULL, NULL, NULL, NULL, NULL, NULL, NULL, NULL, NULL, NULL, NULL),
(607, 125, 2, 10, NULL, NULL, NULL, NULL, NULL, NULL, NULL, NULL, NULL, NULL, NULL, NULL, NULL, NULL, NULL, NULL, NULL, NULL, NULL, NULL, NULL, NULL, NULL, NULL, NULL, NULL, NULL, NULL, NULL, NULL, NULL),
(608, 126, 2, 10, NULL, NULL, NULL, NULL, NULL, NULL, NULL, NULL, NULL, NULL, NULL, NULL, NULL, NULL, NULL, NULL, NULL, NULL, NULL, NULL, NULL, NULL, NULL, NULL, NULL, NULL, NULL, NULL, NULL, NULL, NULL),
(609, 127, 2, 10, NULL, NULL, NULL, NULL, NULL, NULL, NULL, NULL, NULL, NULL, NULL, NULL, NULL, NULL, NULL, NULL, NULL, NULL, NULL, NULL, NULL, NULL, NULL, NULL, NULL, NULL, NULL, NULL, NULL, NULL, NULL),
(610, 128, 2, 10, NULL, NULL, NULL, NULL, NULL, NULL, NULL, NULL, NULL, NULL, NULL, NULL, NULL, NULL, NULL, NULL, NULL, NULL, NULL, NULL, NULL, NULL, NULL, NULL, NULL, NULL, NULL, NULL, NULL, NULL, NULL),
(611, 129, 2, 10, NULL, NULL, NULL, NULL, NULL, NULL, NULL, NULL, NULL, NULL, NULL, NULL, NULL, NULL, NULL, NULL, NULL, NULL, NULL, NULL, NULL, NULL, NULL, NULL, NULL, NULL, NULL, NULL, NULL, NULL, NULL),
(612, 130, 2, 10, NULL, NULL, NULL, NULL, NULL, NULL, NULL, NULL, NULL, NULL, NULL, NULL, NULL, NULL, NULL, NULL, NULL, NULL, NULL, NULL, NULL, NULL, NULL, NULL, NULL, NULL, NULL, NULL, NULL, NULL, NULL),
(613, 131, 2, 10, NULL, NULL, NULL, NULL, NULL, NULL, NULL, NULL, NULL, NULL, NULL, NULL, NULL, NULL, NULL, NULL, NULL, NULL, NULL, NULL, NULL, NULL, NULL, NULL, NULL, NULL, NULL, NULL, NULL, NULL, NULL),
(614, 132, 2, 10, NULL, NULL, NULL, NULL, NULL, NULL, NULL, NULL, NULL, NULL, NULL, NULL, NULL, NULL, NULL, NULL, NULL, NULL, NULL, NULL, NULL, NULL, NULL, NULL, NULL, NULL, NULL, NULL, NULL, NULL, NULL),
(615, 133, 2, 10, NULL, NULL, NULL, NULL, NULL, NULL, NULL, NULL, NULL, NULL, NULL, NULL, NULL, NULL, NULL, NULL, NULL, NULL, NULL, NULL, NULL, NULL, NULL, NULL, NULL, NULL, NULL, NULL, NULL, NULL, NULL),
(616, 134, 2, 10, NULL, NULL, NULL, NULL, NULL, NULL, NULL, NULL, NULL, NULL, NULL, NULL, NULL, NULL, NULL, NULL, NULL, NULL, NULL, NULL, NULL, NULL, NULL, NULL, NULL, NULL, NULL, NULL, NULL, NULL, NULL),
(617, 135, 2, 10, NULL, NULL, NULL, NULL, NULL, NULL, NULL, NULL, NULL, NULL, NULL, NULL, NULL, NULL, NULL, NULL, NULL, NULL, NULL, NULL, NULL, NULL, NULL, NULL, NULL, NULL, NULL, NULL, NULL, NULL, NULL),
(618, 136, 2, 10, NULL, NULL, NULL, NULL, NULL, NULL, NULL, NULL, NULL, NULL, NULL, NULL, NULL, NULL, NULL, NULL, NULL, NULL, NULL, NULL, NULL, NULL, NULL, NULL, NULL, NULL, NULL, NULL, NULL, NULL, NULL),
(619, 137, 2, 10, NULL, NULL, NULL, NULL, NULL, NULL, NULL, NULL, NULL, NULL, NULL, NULL, NULL, NULL, NULL, NULL, NULL, NULL, NULL, NULL, NULL, NULL, NULL, NULL, NULL, NULL, NULL, NULL, NULL, NULL, NULL),
(620, 138, 2, 10, NULL, NULL, NULL, NULL, NULL, NULL, NULL, NULL, NULL, NULL, NULL, NULL, NULL, NULL, NULL, NULL, NULL, NULL, NULL, NULL, NULL, NULL, NULL, NULL, NULL, NULL, NULL, NULL, NULL, NULL, NULL),
(621, 139, 2, 10, NULL, NULL, NULL, NULL, NULL, NULL, NULL, NULL, NULL, NULL, NULL, NULL, NULL, NULL, NULL, NULL, NULL, NULL, NULL, NULL, NULL, NULL, NULL, NULL, NULL, NULL, NULL, NULL, NULL, NULL, NULL),
(622, 140, 2, 10, NULL, NULL, NULL, NULL, NULL, NULL, NULL, NULL, NULL, NULL, NULL, NULL, NULL, NULL, NULL, NULL, NULL, NULL, NULL, NULL, NULL, NULL, NULL, NULL, NULL, NULL, NULL, NULL, NULL, NULL, NULL),
(623, 141, 2, 10, NULL, NULL, NULL, NULL, NULL, NULL, NULL, NULL, NULL, NULL, NULL, NULL, NULL, NULL, NULL, NULL, NULL, NULL, NULL, NULL, NULL, NULL, NULL, NULL, NULL, NULL, NULL, NULL, NULL, NULL, NULL),
(624, 142, 2, 10, NULL, NULL, NULL, NULL, NULL, NULL, NULL, NULL, NULL, NULL, NULL, NULL, NULL, NULL, NULL, NULL, NULL, NULL, NULL, NULL, NULL, NULL, NULL, NULL, NULL, NULL, NULL, NULL, NULL, NULL, NULL),
(625, 143, 2, 10, NULL, NULL, NULL, NULL, NULL, NULL, NULL, NULL, NULL, NULL, NULL, NULL, NULL, NULL, NULL, NULL, NULL, NULL, NULL, NULL, NULL, NULL, NULL, NULL, NULL, NULL, NULL, NULL, NULL, NULL, NULL),
(626, 144, 2, 10, NULL, NULL, NULL, NULL, NULL, NULL, NULL, NULL, NULL, NULL, NULL, NULL, NULL, NULL, NULL, NULL, NULL, NULL, NULL, NULL, NULL, NULL, NULL, NULL, NULL, NULL, NULL, NULL, NULL, NULL, NULL),
(627, 145, 2, 10, NULL, NULL, NULL, NULL, NULL, NULL, NULL, NULL, NULL, NULL, NULL, NULL, NULL, NULL, NULL, NULL, NULL, NULL, NULL, NULL, NULL, NULL, NULL, NULL, NULL, NULL, NULL, NULL, NULL, NULL, NULL),
(628, 146, 2, 10, NULL, NULL, NULL, NULL, NULL, NULL, NULL, NULL, NULL, NULL, NULL, NULL, NULL, NULL, NULL, NULL, NULL, NULL, NULL, NULL, NULL, NULL, NULL, NULL, NULL, NULL, NULL, NULL, NULL, NULL, NULL),
(629, 147, 2, 10, NULL, NULL, NULL, NULL, NULL, NULL, NULL, NULL, NULL, NULL, NULL, NULL, NULL, NULL, NULL, NULL, NULL, NULL, NULL, NULL, NULL, NULL, NULL, NULL, NULL, NULL, NULL, NULL, NULL, NULL, NULL),
(630, 148, 2, 10, NULL, NULL, NULL, NULL, NULL, NULL, NULL, NULL, NULL, NULL, NULL, NULL, NULL, NULL, NULL, NULL, NULL, NULL, NULL, NULL, NULL, NULL, NULL, NULL, NULL, NULL, NULL, NULL, NULL, NULL, NULL),
(631, 209, 2, 10, NULL, NULL, NULL, NULL, NULL, NULL, NULL, NULL, NULL, NULL, NULL, NULL, NULL, NULL, NULL, NULL, NULL, NULL, NULL, NULL, NULL, NULL, NULL, NULL, NULL, NULL, NULL, NULL, NULL, NULL, NULL),
(632, 210, 2, 10, NULL, NULL, NULL, NULL, NULL, NULL, NULL, NULL, NULL, NULL, NULL, NULL, NULL, NULL, NULL, NULL, NULL, NULL, NULL, NULL, NULL, NULL, NULL, NULL, NULL, NULL, NULL, NULL, NULL, NULL, NULL),
(633, 211, 2, 10, NULL, NULL, NULL, NULL, NULL, NULL, NULL, NULL, NULL, NULL, NULL, NULL, NULL, NULL, NULL, NULL, NULL, NULL, NULL, NULL, NULL, NULL, NULL, NULL, NULL, NULL, NULL, NULL, NULL, NULL, NULL),
(634, 212, 2, 10, NULL, NULL, NULL, NULL, NULL, NULL, NULL, NULL, NULL, NULL, NULL, NULL, NULL, NULL, NULL, NULL, NULL, NULL, NULL, NULL, NULL, NULL, NULL, NULL, NULL, NULL, NULL, NULL, NULL, NULL, NULL),
(635, 213, 2, 10, NULL, NULL, NULL, NULL, NULL, NULL, NULL, NULL, NULL, NULL, NULL, NULL, NULL, NULL, NULL, NULL, NULL, NULL, NULL, NULL, NULL, NULL, NULL, NULL, NULL, NULL, NULL, NULL, NULL, NULL, NULL),
(636, 214, 2, 10, NULL, NULL, NULL, NULL, NULL, NULL, NULL, NULL, NULL, NULL, NULL, NULL, NULL, NULL, NULL, NULL, NULL, NULL, NULL, NULL, NULL, NULL, NULL, NULL, NULL, NULL, NULL, NULL, NULL, NULL, NULL),
(637, 215, 2, 10, NULL, NULL, NULL, NULL, NULL, NULL, NULL, NULL, NULL, NULL, NULL, NULL, NULL, NULL, NULL, NULL, NULL, NULL, NULL, NULL, NULL, NULL, NULL, NULL, NULL, NULL, NULL, NULL, NULL, NULL, NULL),
(638, 216, 2, 10, NULL, NULL, NULL, NULL, NULL, NULL, NULL, NULL, NULL, NULL, NULL, NULL, NULL, NULL, NULL, NULL, NULL, NULL, NULL, NULL, NULL, NULL, NULL, NULL, NULL, NULL, NULL, NULL, NULL, NULL, NULL),
(639, 115, 2, 2, NULL, NULL, NULL, NULL, NULL, NULL, NULL, NULL, NULL, NULL, NULL, NULL, NULL, NULL, NULL, NULL, NULL, NULL, NULL, NULL, NULL, NULL, NULL, NULL, NULL, NULL, NULL, NULL, NULL, NULL, NULL),
(640, 116, 2, 2, NULL, NULL, NULL, NULL, NULL, NULL, NULL, NULL, NULL, NULL, NULL, NULL, NULL, NULL, NULL, NULL, NULL, NULL, NULL, NULL, NULL, NULL, NULL, NULL, NULL, NULL, NULL, NULL, NULL, NULL, NULL),
(641, 117, 2, 2, NULL, NULL, NULL, NULL, NULL, NULL, NULL, NULL, NULL, NULL, NULL, NULL, NULL, NULL, NULL, NULL, NULL, NULL, NULL, NULL, NULL, NULL, NULL, NULL, NULL, NULL, NULL, NULL, NULL, NULL, NULL),
(642, 118, 2, 2, NULL, NULL, NULL, NULL, NULL, NULL, NULL, NULL, NULL, NULL, NULL, NULL, NULL, NULL, NULL, NULL, NULL, NULL, NULL, NULL, NULL, NULL, NULL, NULL, NULL, NULL, NULL, NULL, NULL, NULL, NULL),
(643, 119, 2, 2, NULL, NULL, NULL, NULL, NULL, NULL, NULL, NULL, NULL, NULL, NULL, NULL, NULL, NULL, NULL, NULL, NULL, NULL, NULL, NULL, NULL, NULL, NULL, NULL, NULL, NULL, NULL, NULL, NULL, NULL, NULL),
(644, 120, 2, 2, NULL, NULL, NULL, NULL, NULL, NULL, NULL, NULL, NULL, NULL, NULL, NULL, NULL, NULL, NULL, NULL, NULL, NULL, NULL, NULL, NULL, NULL, NULL, NULL, NULL, NULL, NULL, NULL, NULL, NULL, NULL),
(645, 121, 2, 2, NULL, NULL, NULL, NULL, NULL, NULL, NULL, NULL, NULL, NULL, NULL, NULL, NULL, NULL, NULL, NULL, NULL, NULL, NULL, NULL, NULL, NULL, NULL, NULL, NULL, NULL, NULL, NULL, NULL, NULL, NULL),
(646, 122, 2, 2, NULL, NULL, NULL, NULL, NULL, NULL, NULL, NULL, NULL, NULL, NULL, NULL, NULL, NULL, NULL, NULL, NULL, NULL, NULL, NULL, NULL, NULL, NULL, NULL, NULL, NULL, NULL, NULL, NULL, NULL, NULL),
(647, 123, 2, 2, NULL, NULL, NULL, NULL, NULL, NULL, NULL, NULL, NULL, NULL, NULL, NULL, NULL, NULL, NULL, NULL, NULL, NULL, NULL, NULL, NULL, NULL, NULL, NULL, NULL, NULL, NULL, NULL, NULL, NULL, NULL),
(648, 124, 2, 2, NULL, NULL, NULL, NULL, NULL, NULL, NULL, NULL, NULL, NULL, NULL, NULL, NULL, NULL, NULL, NULL, NULL, NULL, NULL, NULL, NULL, NULL, NULL, NULL, NULL, NULL, NULL, NULL, NULL, NULL, NULL),
(649, 125, 2, 2, NULL, NULL, NULL, NULL, NULL, NULL, NULL, NULL, NULL, NULL, NULL, NULL, NULL, NULL, NULL, NULL, NULL, NULL, NULL, NULL, NULL, NULL, NULL, NULL, NULL, NULL, NULL, NULL, NULL, NULL, NULL),
(650, 126, 2, 2, NULL, NULL, NULL, NULL, NULL, NULL, NULL, NULL, NULL, NULL, NULL, NULL, NULL, NULL, NULL, NULL, NULL, NULL, NULL, NULL, NULL, NULL, NULL, NULL, NULL, NULL, NULL, NULL, NULL, NULL, NULL),
(651, 127, 2, 2, NULL, NULL, NULL, NULL, NULL, NULL, NULL, NULL, NULL, NULL, NULL, NULL, NULL, NULL, NULL, NULL, NULL, NULL, NULL, NULL, NULL, NULL, NULL, NULL, NULL, NULL, NULL, NULL, NULL, NULL, NULL),
(652, 128, 2, 2, NULL, NULL, NULL, NULL, NULL, NULL, NULL, NULL, NULL, NULL, NULL, NULL, NULL, NULL, NULL, NULL, NULL, NULL, NULL, NULL, NULL, NULL, NULL, NULL, NULL, NULL, NULL, NULL, NULL, NULL, NULL),
(653, 129, 2, 2, NULL, NULL, NULL, NULL, NULL, NULL, NULL, NULL, NULL, NULL, NULL, NULL, NULL, NULL, NULL, NULL, NULL, NULL, NULL, NULL, NULL, NULL, NULL, NULL, NULL, NULL, NULL, NULL, NULL, NULL, NULL),
(654, 130, 2, 2, NULL, NULL, NULL, NULL, NULL, NULL, NULL, NULL, NULL, NULL, NULL, NULL, NULL, NULL, NULL, NULL, NULL, NULL, NULL, NULL, NULL, NULL, NULL, NULL, NULL, NULL, NULL, NULL, NULL, NULL, NULL),
(655, 131, 2, 2, NULL, NULL, NULL, NULL, NULL, NULL, NULL, NULL, NULL, NULL, NULL, NULL, NULL, NULL, NULL, NULL, NULL, NULL, NULL, NULL, NULL, NULL, NULL, NULL, NULL, NULL, NULL, NULL, NULL, NULL, NULL),
(656, 132, 2, 2, NULL, NULL, NULL, NULL, NULL, NULL, NULL, NULL, NULL, NULL, NULL, NULL, NULL, NULL, NULL, NULL, NULL, NULL, NULL, NULL, NULL, NULL, NULL, NULL, NULL, NULL, NULL, NULL, NULL, NULL, NULL),
(657, 133, 2, 2, NULL, NULL, NULL, NULL, NULL, NULL, NULL, NULL, NULL, NULL, NULL, NULL, NULL, NULL, NULL, NULL, NULL, NULL, NULL, NULL, NULL, NULL, NULL, NULL, NULL, NULL, NULL, NULL, NULL, NULL, NULL),
(658, 134, 2, 2, NULL, NULL, NULL, NULL, NULL, NULL, NULL, NULL, NULL, NULL, NULL, NULL, NULL, NULL, NULL, NULL, NULL, NULL, NULL, NULL, NULL, NULL, NULL, NULL, NULL, NULL, NULL, NULL, NULL, NULL, NULL),
(659, 135, 2, 2, NULL, NULL, NULL, NULL, NULL, NULL, NULL, NULL, NULL, NULL, NULL, NULL, NULL, NULL, NULL, NULL, NULL, NULL, NULL, NULL, NULL, NULL, NULL, NULL, NULL, NULL, NULL, NULL, NULL, NULL, NULL),
(660, 136, 2, 2, NULL, NULL, NULL, NULL, NULL, NULL, NULL, NULL, NULL, NULL, NULL, NULL, NULL, NULL, NULL, NULL, NULL, NULL, NULL, NULL, NULL, NULL, NULL, NULL, NULL, NULL, NULL, NULL, NULL, NULL, NULL),
(661, 137, 2, 2, NULL, NULL, NULL, NULL, NULL, NULL, NULL, NULL, NULL, NULL, NULL, NULL, NULL, NULL, NULL, NULL, NULL, NULL, NULL, NULL, NULL, NULL, NULL, NULL, NULL, NULL, NULL, NULL, NULL, NULL, NULL),
(662, 138, 2, 2, NULL, NULL, NULL, NULL, NULL, NULL, NULL, NULL, NULL, NULL, NULL, NULL, NULL, NULL, NULL, NULL, NULL, NULL, NULL, NULL, NULL, NULL, NULL, NULL, NULL, NULL, NULL, NULL, NULL, NULL, NULL),
(663, 139, 2, 2, NULL, NULL, NULL, NULL, NULL, NULL, NULL, NULL, NULL, NULL, NULL, NULL, NULL, NULL, NULL, NULL, NULL, NULL, NULL, NULL, NULL, NULL, NULL, NULL, NULL, NULL, NULL, NULL, NULL, NULL, NULL),
(664, 140, 2, 2, NULL, NULL, NULL, NULL, NULL, NULL, NULL, NULL, NULL, NULL, NULL, NULL, NULL, NULL, NULL, NULL, NULL, NULL, NULL, NULL, NULL, NULL, NULL, NULL, NULL, NULL, NULL, NULL, NULL, NULL, NULL),
(665, 141, 2, 2, NULL, NULL, NULL, NULL, NULL, NULL, NULL, NULL, NULL, NULL, NULL, NULL, NULL, NULL, NULL, NULL, NULL, NULL, NULL, NULL, NULL, NULL, NULL, NULL, NULL, NULL, NULL, NULL, NULL, NULL, NULL),
(666, 142, 2, 2, NULL, NULL, NULL, NULL, NULL, NULL, NULL, NULL, NULL, NULL, NULL, NULL, NULL, NULL, NULL, NULL, NULL, NULL, NULL, NULL, NULL, NULL, NULL, NULL, NULL, NULL, NULL, NULL, NULL, NULL, NULL),
(667, 143, 2, 2, NULL, NULL, NULL, NULL, NULL, NULL, NULL, NULL, NULL, NULL, NULL, NULL, NULL, NULL, NULL, NULL, NULL, NULL, NULL, NULL, NULL, NULL, NULL, NULL, NULL, NULL, NULL, NULL, NULL, NULL, NULL),
(668, 144, 2, 2, NULL, NULL, NULL, NULL, NULL, NULL, NULL, NULL, NULL, NULL, NULL, NULL, NULL, NULL, NULL, NULL, NULL, NULL, NULL, NULL, NULL, NULL, NULL, NULL, NULL, NULL, NULL, NULL, NULL, NULL, NULL),
(669, 145, 2, 2, NULL, NULL, NULL, NULL, NULL, NULL, NULL, NULL, NULL, NULL, NULL, NULL, NULL, NULL, NULL, NULL, NULL, NULL, NULL, NULL, NULL, NULL, NULL, NULL, NULL, NULL, NULL, NULL, NULL, NULL, NULL),
(670, 146, 2, 2, NULL, NULL, NULL, NULL, NULL, NULL, NULL, NULL, NULL, NULL, NULL, NULL, NULL, NULL, NULL, NULL, NULL, NULL, NULL, NULL, NULL, NULL, NULL, NULL, NULL, NULL, NULL, NULL, NULL, NULL, NULL),
(671, 147, 2, 2, NULL, NULL, NULL, NULL, NULL, NULL, NULL, NULL, NULL, NULL, NULL, NULL, NULL, NULL, NULL, NULL, NULL, NULL, NULL, NULL, NULL, NULL, NULL, NULL, NULL, NULL, NULL, NULL, NULL, NULL, NULL),
(672, 148, 2, 2, NULL, NULL, NULL, NULL, NULL, NULL, NULL, NULL, NULL, NULL, NULL, NULL, NULL, NULL, NULL, NULL, NULL, NULL, NULL, NULL, NULL, NULL, NULL, NULL, NULL, NULL, NULL, NULL, NULL, NULL, NULL),
(673, 209, 2, 2, NULL, NULL, NULL, NULL, NULL, NULL, NULL, NULL, NULL, NULL, NULL, NULL, NULL, NULL, NULL, NULL, NULL, NULL, NULL, NULL, NULL, NULL, NULL, NULL, NULL, NULL, NULL, NULL, NULL, NULL, NULL),
(674, 210, 2, 2, NULL, NULL, NULL, NULL, NULL, NULL, NULL, NULL, NULL, NULL, NULL, NULL, NULL, NULL, NULL, NULL, NULL, NULL, NULL, NULL, NULL, NULL, NULL, NULL, NULL, NULL, NULL, NULL, NULL, NULL, NULL),
(675, 211, 2, 2, NULL, NULL, NULL, NULL, NULL, NULL, NULL, NULL, NULL, NULL, NULL, NULL, NULL, NULL, NULL, NULL, NULL, NULL, NULL, NULL, NULL, NULL, NULL, NULL, NULL, NULL, NULL, NULL, NULL, NULL, NULL),
(676, 212, 2, 2, NULL, NULL, NULL, NULL, NULL, NULL, NULL, NULL, NULL, NULL, NULL, NULL, NULL, NULL, NULL, NULL, NULL, NULL, NULL, NULL, NULL, NULL, NULL, NULL, NULL, NULL, NULL, NULL, NULL, NULL, NULL),
(677, 213, 2, 2, NULL, NULL, NULL, NULL, NULL, NULL, NULL, NULL, NULL, NULL, NULL, NULL, NULL, NULL, NULL, NULL, NULL, NULL, NULL, NULL, NULL, NULL, NULL, NULL, NULL, NULL, NULL, NULL, NULL, NULL, NULL),
(678, 214, 2, 2, NULL, NULL, NULL, NULL, NULL, NULL, NULL, NULL, NULL, NULL, NULL, NULL, NULL, NULL, NULL, NULL, NULL, NULL, NULL, NULL, NULL, NULL, NULL, NULL, NULL, NULL, NULL, NULL, NULL, NULL, NULL),
(679, 215, 2, 2, NULL, NULL, NULL, NULL, NULL, NULL, NULL, NULL, NULL, NULL, NULL, NULL, NULL, NULL, NULL, NULL, NULL, NULL, NULL, NULL, NULL, NULL, NULL, NULL, NULL, NULL, NULL, NULL, NULL, NULL, NULL),
(680, 216, 2, 2, NULL, NULL, NULL, NULL, NULL, NULL, NULL, NULL, NULL, NULL, NULL, NULL, NULL, NULL, NULL, NULL, NULL, NULL, NULL, NULL, NULL, NULL, NULL, NULL, NULL, NULL, NULL, NULL, NULL, NULL, NULL);

-- --------------------------------------------------------

--
-- Structure de la table `attendance_checks`
--

CREATE TABLE IF NOT EXISTS `attendance_checks` (
  `attendance_check_id` int(11) NOT NULL AUTO_INCREMENT,
  `attendance` varchar(10) NOT NULL,
  `attendance_abb` varchar(1) NOT NULL,
  PRIMARY KEY (`attendance_check_id`),
  KEY `attendance_check_id` (`attendance_check_id`)
) ENGINE=MyISAM  DEFAULT CHARSET=utf8 AUTO_INCREMENT=4 ;

--
-- Contenu de la table `attendance_checks`
--

INSERT INTO `attendance_checks` (`attendance_check_id`, `attendance`, `attendance_abb`) VALUES
(1, 'present', 'P'),
(2, 'absent', 'A'),
(3, 'permission', 'P');

-- --------------------------------------------------------

--
-- Structure de la table `classes`
--

CREATE TABLE IF NOT EXISTS `classes` (
  `classe_id` int(11) NOT NULL AUTO_INCREMENT,
  `course_id` int(11) NOT NULL,
  `student_id` int(11) NOT NULL,
  PRIMARY KEY (`classe_id`),
  KEY `turma_id` (`classe_id`)
) ENGINE=MyISAM  DEFAULT CHARSET=utf8 AUTO_INCREMENT=227 ;

--
-- Contenu de la table `classes`
--

INSERT INTO `classes` (`classe_id`, `course_id`, `student_id`) VALUES
(115, 340, 766),
(116, 340, 639),
(117, 340, 758),
(118, 340, 673),
(119, 340, 786),
(120, 340, 776),
(121, 340, 654),
(122, 340, 696),
(123, 340, 682),
(124, 340, 701),
(125, 340, 689),
(126, 340, 749),
(127, 340, 750),
(128, 340, 768),
(129, 340, 753),
(130, 340, 785),
(131, 340, 707),
(132, 340, 734),
(133, 340, 754),
(134, 340, 678),
(135, 340, 764),
(136, 340, 721),
(137, 340, 742),
(138, 340, 736),
(139, 340, 659),
(140, 340, 762),
(141, 340, 713),
(142, 340, 681),
(143, 340, 761),
(144, 340, 767),
(145, 340, 757),
(146, 340, 661),
(147, 340, 679),
(148, 340, 642),
(149, 344, 719),
(150, 344, 658),
(151, 344, 791),
(152, 344, 675),
(153, 344, 687),
(154, 344, 688),
(155, 344, 748),
(156, 344, 751),
(157, 344, 710),
(158, 344, 720),
(159, 344, 740),
(160, 344, 635),
(161, 344, 743),
(162, 344, 731),
(163, 344, 771),
(164, 344, 637),
(165, 344, 741),
(166, 345, 775),
(167, 345, 730),
(168, 345, 723),
(169, 345, 787),
(170, 345, 666),
(171, 345, 724),
(172, 345, 660),
(173, 345, 773),
(174, 345, 646),
(175, 345, 702),
(176, 345, 732),
(177, 345, 692),
(178, 345, 772),
(179, 345, 733),
(180, 345, 645),
(181, 345, 657),
(182, 345, 676),
(183, 345, 677),
(184, 345, 729),
(185, 343, 651),
(186, 343, 774),
(187, 343, 779),
(188, 343, 644),
(189, 343, 662),
(190, 343, 718),
(191, 343, 763),
(192, 342, 683),
(193, 342, 665),
(194, 342, 672),
(195, 342, 708),
(196, 342, 726),
(197, 342, 694),
(198, 342, 755),
(199, 342, 735),
(200, 342, 706),
(201, 342, 669),
(202, 342, 790),
(203, 342, 699),
(204, 341, 746),
(205, 341, 780),
(206, 341, 714),
(207, 341, 738),
(208, 341, 648),
(209, 340, 760),
(210, 340, 700),
(211, 340, 717),
(212, 340, 784),
(213, 340, 653),
(214, 340, 788),
(215, 340, 770),
(216, 340, 680),
(217, 343, 781),
(218, 343, 716),
(219, 343, 655),
(220, 343, 722),
(221, 343, 705),
(222, 343, 747),
(223, 343, 693),
(224, 343, 778),
(225, 343, 668),
(226, 343, 704);

-- --------------------------------------------------------

--
-- Structure de la table `classrooms`
--

CREATE TABLE IF NOT EXISTS `classrooms` (
  `classroom_id` int(11) NOT NULL AUTO_INCREMENT,
  `classroom` varchar(5) NOT NULL,
  PRIMARY KEY (`classroom_id`),
  KEY `classroom_id` (`classroom_id`)
) ENGINE=MyISAM  DEFAULT CHARSET=utf8 AUTO_INCREMENT=6 ;

--
-- Contenu de la table `classrooms`
--

INSERT INTO `classrooms` (`classroom_id`, `classroom`) VALUES
(1, '1'),
(2, '2'),
(3, '3'),
(4, '4'),
(5, '5');

-- --------------------------------------------------------

--
-- Structure de la table `controllers`
--

CREATE TABLE IF NOT EXISTS `controllers` (
  `controller_id` int(11) NOT NULL AUTO_INCREMENT,
  `controller` varchar(64) NOT NULL,
  `c_action` varchar(64) NOT NULL,
  PRIMARY KEY (`controller_id`),
  KEY `controller_id` (`controller_id`)
) ENGINE=MyISAM  DEFAULT CHARSET=utf8 AUTO_INCREMENT=118 ;

--
-- Contenu de la table `controllers`
--

INSERT INTO `controllers` (`controller_id`, `controller`, `c_action`) VALUES
(1, 'login', 'login'),
(2, 'login', 'logout'),
(3, 'login', 'submit'),
(4, 'login', 'forgot'),
(5, 'login', 'register'),
(6, 'home', 'index'),
(7, 'home', 'setschoolyear'),
(8, 'program', 'index'),
(9, 'program', 'add'),
(10, 'school_years', 'delete'),
(11, 'school_years', 'add'),
(12, 'school_years', 'index'),
(13, 'program', 'delete'),
(14, 'subjects', 'index'),
(15, 'subjects', 'add'),
(16, 'subjects', 'delete'),
(17, 'levels', 'index'),
(18, 'levels', 'add'),
(19, 'levels', 'delete'),
(20, 'weekdays', 'index'),
(21, 'weekdays', 'add'),
(22, 'weekdays', 'details'),
(23, 'weekdays', 'update'),
(24, 'students', 'index'),
(25, 'students', 'add'),
(26, 'students', 'details'),
(27, 'students', 'update'),
(28, 'students', 'delete'),
(29, 'students', 'export'),
(30, 'teachers', 'index'),
(31, 'teachers', 'add'),
(32, 'teachers', 'details'),
(33, 'teachers', 'update'),
(34, 'teachers', 'delete'),
(35, 'teachers', 'export'),
(36, 'courses', 'index'),
(37, 'courses', 'add'),
(38, 'courses', 'details'),
(39, 'courses', 'update'),
(40, 'courses', 'delete'),
(41, 'curricula', 'index'),
(42, 'curricula', 'add'),
(43, 'curricula', 'details'),
(44, 'curricula', 'update'),
(45, 'curricula', 'delete'),
(46, 'classes', 'index'),
(47, 'classes', 'add'),
(48, 'classes', 'details'),
(49, 'classes', 'update'),
(50, 'classes', 'move'),
(51, 'classes', 'remove'),
(52, 'time', 'index'),
(53, 'time', 'add'),
(54, 'time', 'details'),
(55, 'time', 'update'),
(56, 'timetable', 'index'),
(57, 'timetable', 'add'),
(58, 'timetable', 'details'),
(59, 'timetable', 'update'),
(60, 'timetable', 'delete'),
(61, 'timetable', 'export'),
(62, 'timetable2', 'index'),
(63, 'timetable2', 'add'),
(64, 'timetable2', 'details'),
(65, 'timetable2', 'update'),
(66, 'timetable2', 'delete'),
(67, 'exams', 'index'),
(68, 'exams', 'add'),
(69, 'exams', 'details'),
(70, 'exams', 'update'),
(71, 'exams', 'delete'),
(72, 'exams', 'export'),
(73, 'results', 'index'),
(74, 'results', 'add'),
(75, 'results', 'details'),
(76, 'results', 'update'),
(77, 'results', 'delete'),
(78, 'results', 'export'),
(79, 'configuration', 'index'),
(82, 'about', 'index'),
(83, 'contact', 'index'),
(84, 'admin', 'index'),
(85, 'admin', 'log'),
(86, 'admin', 'users_index'),
(87, 'admin', 'users_add'),
(88, 'admin', 'users_details'),
(89, 'admin', 'users_update'),
(90, 'admin', 'users_delete'),
(91, 'admin', 'acl_index'),
(92, 'admin', 'acl_add'),
(93, 'admin', 'acl_details'),
(94, 'admin', 'acl_delete'),
(95, 'admin', 'acl_update'),
(96, 'admin', 'controllers_index'),
(97, 'admin', 'controllers_add'),
(98, 'admin', 'controllers_details'),
(99, 'admin', 'controllers_delete'),
(100, 'admin', 'controllers_update'),
(101, 'admin', 'profiles_index'),
(102, 'admin', 'profiles_add'),
(103, 'admin', 'profiles_details'),
(104, 'admin', 'profiles_update'),
(105, 'admin', 'profiles_delete'),
(106, 'admin', 'show_acl_map'),
(108, 'attendances', 'index'),
(109, 'attendances', 'add'),
(110, 'attendances', 'details'),
(111, 'attendances', 'update'),
(112, 'attendances', 'delete'),
(113, 'export', 'students'),
(114, 'export', 'teachers'),
(115, 'export', 'timetables'),
(116, 'export', 'results'),
(117, 'export', 'attendances');

-- --------------------------------------------------------

--
-- Structure de la table `courses`
--

CREATE TABLE IF NOT EXISTS `courses` (
  `course_id` int(11) NOT NULL AUTO_INCREMENT,
  `school_year_id` int(11) NOT NULL,
  `level_id` int(11) NOT NULL,
  PRIMARY KEY (`course_id`),
  UNIQUE KEY `course_id` (`course_id`),
  KEY `class_id` (`course_id`)
) ENGINE=MyISAM  DEFAULT CHARSET=utf8 COMMENT='French ''classes''' AUTO_INCREMENT=382 ;

--
-- Contenu de la table `courses`
--

INSERT INTO `courses` (`course_id`, `school_year_id`, `level_id`) VALUES
(334, 48, 1),
(335, 48, 2),
(336, 48, 3),
(337, 48, 4),
(338, 48, 5),
(339, 48, 6),
(340, 48, 7),
(341, 48, 8),
(342, 48, 9),
(343, 48, 10),
(344, 48, 11),
(345, 48, 12),
(346, 49, 1),
(347, 49, 2),
(348, 49, 3),
(349, 49, 4),
(350, 49, 5),
(351, 49, 6),
(352, 49, 7),
(353, 49, 8),
(354, 49, 9),
(355, 49, 10),
(356, 49, 11),
(357, 49, 12),
(358, 50, 1),
(359, 50, 2),
(360, 50, 3),
(361, 50, 4),
(362, 50, 5),
(363, 50, 6),
(364, 50, 7),
(365, 50, 8),
(366, 50, 9),
(367, 50, 10),
(368, 50, 11),
(369, 50, 12),
(370, 51, 1),
(371, 51, 2),
(372, 51, 3),
(373, 51, 4),
(374, 51, 5),
(375, 51, 6),
(376, 51, 7),
(377, 51, 8),
(378, 51, 9),
(379, 51, 10),
(380, 51, 11),
(381, 51, 12);

-- --------------------------------------------------------

--
-- Structure de la table `curricula`
--

CREATE TABLE IF NOT EXISTS `curricula` (
  `curriculum_id` int(11) NOT NULL AUTO_INCREMENT,
  `course_id` int(11) NOT NULL,
  `teacher_id` int(11) NOT NULL,
  `subject_id` int(11) NOT NULL,
  PRIMARY KEY (`curriculum_id`),
  KEY `curriculum_id` (`curriculum_id`)
) ENGINE=MyISAM  DEFAULT CHARSET=utf8 AUTO_INCREMENT=39 ;

--
-- Contenu de la table `curricula`
--

INSERT INTO `curricula` (`curriculum_id`, `course_id`, `teacher_id`, `subject_id`) VALUES
(1, 345, 10, 4),
(2, 340, 7, 2),
(3, 341, 7, 2),
(4, 342, 7, 2),
(5, 341, 16, 11),
(6, 342, 16, 11),
(7, 343, 16, 11),
(8, 340, 19, 11),
(9, 341, 19, 12),
(10, 344, 21, 1),
(11, 345, 21, 1),
(12, 343, 11, 7),
(13, 344, 11, 7),
(14, 343, 26, 2),
(15, 344, 26, 2),
(16, 345, 26, 2),
(17, 340, 13, 3),
(18, 341, 13, 3),
(19, 342, 13, 3),
(20, 344, 10, 4),
(21, 343, 10, 4),
(22, 344, 4, 5),
(23, 345, 4, 5),
(24, 340, 30, 4),
(25, 341, 30, 4),
(26, 342, 30, 4),
(27, 340, 31, 1),
(28, 341, 31, 1),
(29, 342, 32, 1),
(30, 343, 32, 1),
(31, 343, 33, 3),
(32, 344, 33, 3),
(33, 345, 33, 3);

-- --------------------------------------------------------

--
-- Structure de la table `departments`
--

CREATE TABLE IF NOT EXISTS `departments` (
  `department_id` int(11) NOT NULL AUTO_INCREMENT,
  `department` varchar(64) NOT NULL,
  PRIMARY KEY (`department_id`),
  KEY `department_id` (`department_id`)
) ENGINE=MyISAM  DEFAULT CHARSET=utf8 AUTO_INCREMENT=3 ;

--
-- Contenu de la table `departments`
--

INSERT INTO `departments` (`department_id`, `department`) VALUES
(1, 'CSS'),
(2, 'Foyer');

-- --------------------------------------------------------

--
-- Structure de la table `exams`
--

CREATE TABLE IF NOT EXISTS `exams` (
  `exam_id` int(11) NOT NULL AUTO_INCREMENT,
  `timetable_id` int(11) NOT NULL,
  `exam_date` date NOT NULL,
  `subject_id` int(11) NOT NULL,
  `exam_obs` text NOT NULL,
  PRIMARY KEY (`exam_id`),
  KEY `exam_id` (`exam_id`)
) ENGINE=MyISAM DEFAULT CHARSET=utf8 AUTO_INCREMENT=1 ;

-- --------------------------------------------------------

--
-- Structure de la table `levels`
--

CREATE TABLE IF NOT EXISTS `levels` (
  `level_id` int(11) NOT NULL AUTO_INCREMENT,
  `level` varchar(5) NOT NULL,
  `level_abb` int(1) NOT NULL,
  PRIMARY KEY (`level_id`),
  KEY `grade_id` (`level_id`)
) ENGINE=MyISAM  DEFAULT CHARSET=utf8 AUTO_INCREMENT=13 ;

--
-- Contenu de la table `levels`
--

INSERT INTO `levels` (`level_id`, `level`, `level_abb`) VALUES
(1, '1 st', 1),
(2, '2 nd', 2),
(3, '3 rd', 3),
(4, '4 th', 4),
(5, '5 th', 5),
(6, '6 th', 6),
(7, '7 th', 7),
(8, '8 th', 8),
(9, '9 th', 9),
(10, '10 th', 10),
(11, '11 th', 11),
(12, '12 th', 12);

-- --------------------------------------------------------

--
-- Structure de la table `login_activity`
--

CREATE TABLE IF NOT EXISTS `login_activity` (
  `login_activity_id` int(11) NOT NULL AUTO_INCREMENT,
  `profile_id` int(11) NOT NULL,
  `user_id` int(11) NOT NULL,
  `username` varchar(64) NOT NULL,
  `email` varchar(64) DEFAULT NULL,
  `ip_address` varchar(20) NOT NULL,
  `login_time` timestamp NOT NULL DEFAULT CURRENT_TIMESTAMP,
  PRIMARY KEY (`login_activity_id`)
) ENGINE=MyISAM  DEFAULT CHARSET=latin1 AUTO_INCREMENT=38 ;

-- --------------------------------------------------------

--
-- Structure de la table `months`
--

CREATE TABLE IF NOT EXISTS `months` (
  `month_id` int(11) NOT NULL AUTO_INCREMENT,
  `month` varchar(20) NOT NULL,
  `month_kh` varchar(64) DEFAULT NULL,
  PRIMARY KEY (`month_id`),
  KEY `month_id` (`month_id`)
) ENGINE=MyISAM  DEFAULT CHARSET=utf8 AUTO_INCREMENT=13 ;

--
-- Contenu de la table `months`
--

INSERT INTO `months` (`month_id`, `month`, `month_kh`) VALUES
(1, 'January', 'មករា'),
(2, 'February', 'ខែកុម្ភៈ'),
(3, 'March', 'ខែមិនា'),
(4, 'April', 'ខែមេសា'),
(5, 'May', 'ឧសភា'),
(6, 'June', 'ខែមិថុនា'),
(7, 'July', 'ខែកក្កដា'),
(8, 'August', 'ខែសីហា'),
(9, 'September', 'ខែកញ្ញា'),
(10, 'October', 'ខែតុលា'),
(11, 'November', 'ខែវិច្ឆិកា'),
(12, 'December', 'ខែធ្នូ');

-- --------------------------------------------------------

--
-- Structure de la table `positions`
--

CREATE TABLE IF NOT EXISTS `positions` (
  `position_id` int(11) NOT NULL AUTO_INCREMENT,
  `position` varchar(64) NOT NULL,
  PRIMARY KEY (`position_id`),
  KEY `position_id` (`position_id`)
) ENGINE=MyISAM  DEFAULT CHARSET=utf8 AUTO_INCREMENT=6 ;

--
-- Contenu de la table `positions`
--

INSERT INTO `positions` (`position_id`, `position`) VALUES
(1, 'VSI'),
(2, 'Volunteer'),
(3, 'Intern'),
(4, 'Secretary'),
(5, 'Director');

-- --------------------------------------------------------

--
-- Structure de la table `profiles`
--

CREATE TABLE IF NOT EXISTS `profiles` (
  `profile_id` int(11) NOT NULL AUTO_INCREMENT,
  `profile` varchar(10) NOT NULL,
  PRIMARY KEY (`profile_id`),
  KEY `profile_id` (`profile_id`)
) ENGINE=MyISAM  DEFAULT CHARSET=utf8 AUTO_INCREMENT=4 ;

--
-- Contenu de la table `profiles`
--

INSERT INTO `profiles` (`profile_id`, `profile`) VALUES
(1, 'admin'),
(3, 'visitor');

-- --------------------------------------------------------

--
-- Structure de la table `programs`
--

CREATE TABLE IF NOT EXISTS `programs` (
  `program_id` int(11) NOT NULL AUTO_INCREMENT,
  `program` varchar(15) NOT NULL,
  PRIMARY KEY (`program_id`),
  KEY `programme_id` (`program_id`)
) ENGINE=MyISAM  DEFAULT CHARSET=utf8 AUTO_INCREMENT=11 ;

--
-- Contenu de la table `programs`
--

INSERT INTO `programs` (`program_id`, `program`) VALUES
(1, 'FA'),
(2, 'FI'),
(3, 'FO'),
(8, 'HS'),
(10, 'FX');

-- --------------------------------------------------------

--
-- Structure de la table `results`
--

CREATE TABLE IF NOT EXISTS `results` (
  `result_id` int(11) NOT NULL AUTO_INCREMENT,
  `student_id` int(11) NOT NULL,
  `exam_id` int(11) NOT NULL,
  `result` int(11) NOT NULL,
  PRIMARY KEY (`result_id`),
  UNIQUE KEY `result_id_2` (`result_id`),
  KEY `result_id` (`result_id`)
) ENGINE=MyISAM DEFAULT CHARSET=utf8 AUTO_INCREMENT=1 ;

-- --------------------------------------------------------

--
-- Structure de la table `school_years`
--

CREATE TABLE IF NOT EXISTS `school_years` (
  `school_year_id` int(11) NOT NULL AUTO_INCREMENT,
  `school_year` varchar(9) NOT NULL,
  PRIMARY KEY (`school_year_id`),
  UNIQUE KEY `school_year_id_2` (`school_year_id`),
  UNIQUE KEY `school_year` (`school_year`),
  KEY `school_year_id` (`school_year_id`)
) ENGINE=MyISAM  DEFAULT CHARSET=utf8 AUTO_INCREMENT=54 ;

--
-- Contenu de la table `school_years`
--

INSERT INTO `school_years` (`school_year_id`, `school_year`) VALUES
(50, '2011/2012'),
(51, '2012/2013'),
(49, '2014/2015'),
(48, '2015/2016');

-- --------------------------------------------------------

--
-- Structure de la table `sexes`
--

CREATE TABLE IF NOT EXISTS `sexes` (
  `sex_id` int(11) NOT NULL AUTO_INCREMENT,
  `sex` varchar(20) NOT NULL,
  PRIMARY KEY (`sex_id`)
) ENGINE=MyISAM  DEFAULT CHARSET=utf8 AUTO_INCREMENT=3 ;

--
-- Contenu de la table `sexes`
--

INSERT INTO `sexes` (`sex_id`, `sex`) VALUES
(1, 'M ប្រុស'),
(2, 'F ស្រី');

-- --------------------------------------------------------

--
-- Structure de la table `students`
--

CREATE TABLE IF NOT EXISTS `students` (
  `student_id` int(11) NOT NULL AUTO_INCREMENT,
  `nom` varchar(20) NOT NULL,
  `prenom` varchar(20) NOT NULL,
  `prenom_khmer` varchar(50) DEFAULT NULL,
  `nom_khmer` varchar(50) DEFAULT NULL,
  `photo` text,
  `sex_id` int(11) NOT NULL,
  `matricule` varchar(8) DEFAULT NULL,
  `dob` date DEFAULT NULL,
  `program_id` int(11) NOT NULL,
  `active_id` int(11) NOT NULL,
  PRIMARY KEY (`student_id`),
  KEY `ID` (`student_id`)
) ENGINE=MyISAM  DEFAULT CHARSET=utf8 AUTO_INCREMENT=799 ;

--
-- Contenu de la table `students`
--

INSERT INTO `students` (`student_id`, `nom`, `prenom`, `prenom_khmer`, `nom_khmer`, `photo`, `sex_id`, `matricule`, `dob`, `program_id`, `active_id`) VALUES
(635, 'AN', 'Vin', 'អាន', 'វ៉ិន', '', 1, '07FOG069', '2000-02-01', 3, 1),
(637, 'BOU', 'Sokha', 'ប៊ូ', 'សុខា', '', 2, '06FIF104', '1999-07-07', 2, 1),
(639, 'CHAMNAN', 'Chinnean', 'ចំណាន', 'ជិនន្នា', '', 2, '11FOF102', '1999-04-26', 2, 1),
(642, 'CHAN', 'Savoeun', 'ចាន់', 'សារឿន', '', 2, '06FOF068', '1994-05-07', 3, 1),
(644, 'CHEUN', 'Koeumchin', '', '', '', 2, '14FIF180', '2002-07-05', 2, 1),
(645, 'CHHAN', 'Savoeurn', 'ឆាន', 'សារឿន', '', 2, '09FOF090', '2001-03-06', 3, 1),
(646, 'CHHAN', 'Yem', 'ឆាន', 'យ៉ែម', '', 1, '09FOG089', '2003-01-07', 3, 1),
(648, 'CHHENG', 'Leihvong', 'ឆេង', 'ឡៃហ្វុង', '', 1, '09FIG142', '2004-05-19', 2, 1),
(651, 'CHHORN', 'Cham', 'ឈន', 'ឆាំ', '', 1, '13FIG167', '2002-11-15', 2, 1),
(653, 'CHI', 'Pisei', 'ជី', 'ពិសី', '', 2, '11FOF099', '2005-02-05', 3, 1),
(654, 'CHI', 'Thavaren', '', '', '', 2, '14FAF019', '1999-04-12', 1, 1),
(655, 'CHOEUN', 'Sophea', '', '', '', 1, '14FIG187', '2008-05-02', 2, 1),
(657, 'CHUN', 'Sopha', '', '', '', 2, '14FIF186', '2001-08-12', 2, 1),
(658, 'CHUON', 'Tinal', 'ឈួន', 'ទីណាល់', '', 1, '13FIG172', '2001-07-15', 2, 1),
(659, 'DAM', 'Sarat', 'ដាំ', 'សារ៉ាត', '', 2, '03FOF056', '1997-11-20', 3, 1),
(660, 'DAM', 'Sreythoeut', 'ដាំ', 'ធឿត', '', 2, '12FOF111', '2002-02-07', 3, 1),
(661, 'DOEUM', 'Seila', 'ឌឹម', 'សីលា', '', 1, '03FOG060', '1996-01-01', 3, 1),
(662, 'DOEUN', 'Luch', 'ឌឿន', 'លុច', '', 1, '06FOG067', '2002-05-03', 3, 1),
(665, 'HEM', 'Bun chan reang sei', 'ហែម', 'ប៊ុនចាន់រង្សី', '', 2, '12FIF163', '2003-03-11', 2, 1),
(666, 'HENG', 'Rottha', 'ហេង', 'រដ្ឋា', '', 1, '08FOG085', '2002-11-28', 2, 1),
(668, 'HOEURN', 'Honn', '', '', '', 1, '14FOG119', '2006-06-01', 3, 1),
(669, 'HOEURN', 'Sreyneang', 'ហឿន', 'ស្រីនាង', '', 2, '13FIF168', '2003-03-15', 2, 1),
(672, 'HUAN', 'Chanthay', 'ហ៊ាន', 'ចាន់ថៃ', '', 2, '13FIF170', '2003-08-06', 2, 1),
(673, 'HUOR', 'Liheng', 'ហួ', 'លីហេង', '', 1, '06FIG098', '1999-10-10', 2, 1),
(675, 'IN', 'Dara', 'អ៊ិន', 'តារា', '', 1, '07FIG123', '2000-04-15', 2, 1),
(676, 'KEN', 'Sopheak', 'កែន', 'សុភ័ក្រ', '', 1, '10FOG097', '2001-01-15', 3, 1),
(677, 'KEN', 'Sophol', 'កែន', 'សុផល', '', 1, '10FOG098', '2001-01-15', 3, 1),
(678, 'KEO', 'Bundi', 'កែវ', 'ប៊ុនឌី', '', 2, '05FIF089', '1997-01-26', 2, 1),
(679, 'KEO', 'Pov', 'កែវ', 'ពៅ', '', 1, '05FIG080', '1994-02-07', 2, 1),
(680, 'KHAM', 'Thongvi', 'ខាំ', 'ថងវី', '', 1, '12FOG112', '2006-01-03', 3, 1),
(681, 'KHLA', 'Sreileab', 'ក្លា', 'ស្រីលាភ', '', 2, '07FIF127', '1997-04-01', 2, 1),
(682, 'KHLENG', 'Chhiov-inh', 'ខ្លែង', 'ឈៀវអ៊ីង', '', 2, '08FOF075', '1998-07-13', 3, 1),
(683, 'KHON', 'Borei', 'ខុន', 'បូរី', '', 2, '09FIF128', '2003-09-29', 2, 1),
(687, 'KON', 'Lin ', 'គុន', 'លីន', '', 2, '09FOF092', '2000-02-05', 3, 1),
(688, 'KON', 'Pin', 'គុន', 'ពីន', '', 2, '09FOF091', '2000-02-05', 3, 1),
(689, 'KONG', 'Phanny', '', '', '', 2, '14FAF024', '1998-02-02', 1, 1),
(692, 'LAN', 'Mol', 'ឡាន', 'មល់', '', 2, '09FIF143', '2001-03-01', 2, 1),
(693, 'LEAK', 'Sophanni', 'ល័ក្ខ', 'សុផាន់នី', '', 2, '12FIF156', '2007-07-18', 2, 1),
(694, 'LEANG', 'Leuy', 'លាង', 'ឡឺយ', '', 1, '09FIG129', '2003-11-10', 2, 1),
(696, 'LIM', 'Theankong', '', '', '', 1, '14FAG025', '1999-01-16', 1, 1),
(699, 'MAB', 'Yami', 'ម៉ាប់', 'យ៉ាមី', '', 2, '12FIF161', '2003-11-21', 2, 1),
(700, 'MAT', 'Hannahi', '', '', '', 1, '14FIG185', '2005-07-25', 2, 1),
(701, 'MEANG', 'Nimol', 'ម៉ាំង', 'និមល់', '', 2, '13FAF014', '1998-01-24', 1, 1),
(702, 'MEN', 'Chantha', '', '', '', 2, '14FIF178', '2001-10-19', 2, 1),
(704, 'MOEUN', 'Sreyvin', 'មឿន', 'ស្រីវីន', '', 2, '12FOF109', '2006-02-12', 3, 1),
(705, 'MOL', 'Reachsak', 'ម៉ុល', 'រាជស័ក្ខ', '', 1, '13FIG165', '2007-05-08', 2, 1),
(706, 'MOL', 'Sreymey', '', '', '', 2, '14FIF181', '2003-04-12', 2, 1),
(707, 'MOV', 'Sophea', '', '', '', 2, '14FAF021', '1998-12-05', 1, 1),
(708, 'MUON', 'Chearos', 'មួន', 'ជារស់', '', 1, '09FIG144', '2003-02-04', 2, 1),
(710, 'NGANG', 'Saophea', 'ញ៉ាញ់', 'សោភា', '', 2, '12FIF158', '2000-02-02', 2, 1),
(713, 'NGIN', 'Sokheng', 'ងិន', 'សុខហេង', '', 2, '05FIF077', '1997-09-05', 2, 1),
(714, 'NGOY', 'Chongkonchay', 'ញ៉យ', 'ឆុងគីមឆាយ', '', 2, '13FIF171', '2004-03-01', 2, 1),
(716, 'NGOY', 'Lycheng', '', '', '', 2, '15FIF202', '2008-05-27', 2, 1),
(717, 'NGOY', 'Lyheang', '', '', '', 1, '15FIG201', '2005-12-13', 2, 1),
(718, 'NI', 'Sreychen', 'នី', 'ស្រីចិន', '', 2, '12FOF115', '2002-01-06', 2, 1),
(719, 'NI', 'Sreychi', 'នី', 'ស្រីជិ', '', 2, '12FOF114', '2002-01-06', 2, 1),
(720, 'NIT', 'Sean', 'និត', 'សៀន', '', 1, '08FOG079', '2000-03-27', 3, 1),
(721, 'NOEURN', 'Nun', '', '', '', 2, '14FAF016', '1997-03-11', 1, 1),
(722, 'NOU', 'Chitra', 'នូ', 'ចិត្រា', '', 2, '14FIF173', '2007-01-28', 2, 1),
(723, 'NOU', 'Ponleu', 'នូ', 'ពន្លឺ', '', 1, '12FOG116', '2002-02-28', 2, 1),
(724, 'NUON', 'Sreinut', 'នាង', 'ស្រីណុត', '', 2, '10FOF096', '2002-06-07', 3, 1),
(726, 'OEUR', 'Chhaiden', 'អឿ', 'ឆៃដែន', '', 2, '14FIF176', '2003-04-30', 2, 1),
(729, 'OUK', 'Sreymom', 'អ៊ុក ', 'ស្រីមុំ', '', 2, '03FOF058', '1993-12-31', 3, 1),
(730, 'PEK', 'Pisal', 'ពេក', 'ពិសាល', '', 1, '07FOG071', '2002-08-10', 3, 1),
(731, 'PEK', 'Pisith', 'ពេក', 'ពិសិដ្ឋ', '', 2, '07FOF070', '1999-11-02', 3, 1),
(732, 'PHAK', 'Da', 'ផាក', 'ដា', '', 1, '08FOG078', '2001-01-10', 3, 1),
(733, 'PHAK', 'Radi', 'ផាក', 'រ៉ាឌី', '', 2, '08FOF077', '2001-01-10', 3, 1),
(734, 'PHAK', 'Sophol', 'ផាក', 'សុផាល់', '', 2, '07FOF072', '1998-11-10', 3, 1),
(735, 'PHEAV', 'Somali', 'ភាវ', 'សុម៉ាលី', '', 2, '12FIF164', '2003-05-16', 2, 1),
(736, 'PHI', 'Pheaktra', 'ភី', 'ភក្រ្តា', '', 2, '12FIF160', '1998-01-01', 2, 1),
(738, 'PHORN', 'Kemhour', '', '', '', 1, '', '2004-07-18', 2, 1),
(740, 'PHUONG', 'Sokha', 'ភួង', 'សុខា', '', 2, '04FOF063', '2000-08-05', 2, 1),
(741, 'PICH', 'Sornya', '', '', '', 2, '14FAF022', '1999-07-02', 1, 1),
(742, 'PON', 'Paron', '', '', '', 1, '15FAG028', '1997-08-05', 2, 1),
(743, 'PROM', 'Phirom', 'ព្រហ្ម', 'ភីរម្យ', '', 1, '12FIG157', '1999-07-10', 2, 1),
(746, 'ROEUN', 'Voatanavotei', '', '', '', 2, '14FIF188', '2005-02-16', 2, 1),
(747, 'ROEUNG', 'Sophan', 'រឿង', 'សុផាន', '', 1, '12FOG108', '2007-02-10', 3, 1),
(748, 'ROEURNG', 'Rachana', '', '', '', 2, '14FAF023', '2000-04-20', 1, 1),
(749, 'ROMCHANG', 'Sander', 'រំចង់', 'សាន់ឌី', '', 1, '11FOG103', '1998-06-27', 2, 1),
(750, 'ROMCHANG', 'Sandi', 'រំចង់', 'សាន់ដេ', '', 1, '11FOG104', '1998-06-27', 2, 1),
(751, 'ROS', 'Rers', 'រស់', 'រះ', '', 1, '06FIG114', '2000-03-02', 2, 1),
(753, 'RUOT', 'Silien', 'រួត', 'ស៊ីលៀន', '', 2, '09FIF137', '1998-04-02', 2, 1),
(754, 'SAM', 'Sy', 'សាម', 'ស៊ី', '', 1, '07FIG122', '1999-01-02', 2, 1),
(755, 'SAMBO', 'Meicheng', 'សំបូរ', 'ម៉ីចេង', '', 2, '10FIF148', '2003-05-04', 2, 1),
(757, 'SEM', 'Bopha', 'សែម', 'បូផា', '', 2, '07FIF121', '1995-03-01', 2, 1),
(758, 'SEM', 'Hort', 'ស៊ឹម', 'ហ៊ត', '', 2, '13FOF118', '1999-08-15', 3, 1),
(760, 'SMET', 'Bounchang', '', '', '', 1, '14FIG182', '2005-02-06', 2, 1),
(761, 'SOK', 'Penh', 'សុខ', 'ពេញ', '', 1, '06FIG109', '1996-02-01', 2, 1),
(762, 'SONG', 'Sobin', 'សុង', 'សុបិន', '', 2, '09FIF139', '1997-09-09', 2, 1),
(763, 'SORN', 'Sreychreab', 'សន', 'ស្រីច្រិប', '', 2, '14FIF174', '2001-02-28', 2, 1),
(764, 'SOVAN', 'Lomhong', '', '', '', 2, '14FAF018', '1997-07-10', 1, 1),
(766, 'SUON', 'Chantrea', '', '', '', 2, '14FAF027', '1999-05-01', 1, 1),
(767, 'TEB', 'Sokeo', 'ទេព', 'កែវ', '', 2, '13FAF015', '1996-12-30', 1, 1),
(768, 'TEIY', 'Saomonic', '', '', '', 2, '14FAF017', '1998-03-01', 1, 1),
(770, 'TENG', 'Sreydao', '', '', '', 2, '14FIF184', '2005-06-10', 2, 1),
(771, 'TEP', 'Samkhan', 'ទេព', 'សំខាន់', '', 1, '05FOG065', '2000-01-01', 2, 1),
(772, 'THAN', 'Phearum', 'ថន', 'ភារុំ', '', 1, '05FIG063', '2001-02-01', 2, 1),
(773, 'TO', 'Teav', 'តូ', 'ទាវ', '', 1, '14FIG177', '2003-01-06', 2, 1),
(774, 'TOB', 'Chantha', 'តុប', 'ចាន់ថា', '', 2, '14FIF175', '2002-02-10', 2, 1),
(775, 'TOB', 'Mannat', 'តុប', 'ម៉ាណាត់', '', 1, '11FOG106', '2002-12-04', 2, 1),
(776, 'TOB', 'Phanit', 'តុប', 'ផានិត', '', 2, '11FOF105', '1999-08-12', 3, 1),
(777, 'TOM', 'Thit', '', '', '', 1, '', '2001-03-03', 0, 1),
(778, 'TON', 'Cheivitou', 'ទុន', 'ជ័យវិទូ', '', 1, '12FOG110', '2006-12-28', 3, 1),
(779, 'TON', 'Cheivivoat', 'ទុន', 'ជ័យវិវឌ្ឍន៏', '', 1, '11FOG100', '2002-11-23', 3, 1),
(780, 'TON', 'Cheivoattana', 'ទុន', 'ជ័យវឌ្ឍត្តនា', '', 1, '11FOG101', '2004-07-07', 3, 1),
(781, 'TOUCH', 'Kanika', '', '', '', 2, '14FIF183', '2008-09-23', 2, 1),
(784, 'VAT', 'Meakara', '', '', '', 1, '14FIG179', '2005-01-30', 2, 1),
(785, 'VOEUR', 'Sochan', 'វឿ', 'សុចាន់', '', 1, '08FOG080', '1998-02-01', 3, 1),
(786, 'YAT', 'Navine', '', '', '', 1, '14FAG020', '1999-07-05', 1, 1),
(787, 'YOEUN', 'Reksa', 'យឿន', 'រក្សា', '', 2, '12FIF162', '2002-11-13', 2, 1),
(788, 'YON', 'Savong', 'យន', 'សាវង់', '', 2, '09FOF094', '2005-04-18', 3, 1),
(790, 'YON', 'Thay', 'យន', 'ថាយ', '', 1, '09FOG093', '2003-03-21', 3, 1),
(791, 'YORN', 'Chenda', 'យ៉ន', 'ចិន្តា', '', 2, '09FOF088', '2000-06-28', 3, 1);

-- --------------------------------------------------------

--
-- Structure de la table `subjects`
--

CREATE TABLE IF NOT EXISTS `subjects` (
  `subject_id` int(11) NOT NULL AUTO_INCREMENT,
  `subject` varchar(20) NOT NULL,
  `subject_kh` varchar(40) DEFAULT NULL,
  `subject_abb` varchar(2) NOT NULL,
  PRIMARY KEY (`subject_id`)
) ENGINE=MyISAM  DEFAULT CHARSET=utf8 AUTO_INCREMENT=13 ;

--
-- Contenu de la table `subjects`
--

INSERT INTO `subjects` (`subject_id`, `subject`, `subject_kh`, `subject_abb`) VALUES
(0, 'Physics ខ្មែរ', NULL, 'P'),
(1, 'Khmer ខ្មែរ', NULL, 'K'),
(2, 'Math គំណិត', NULL, 'M'),
(3, 'English អង់គ្លេស', NULL, 'E'),
(4, 'French បារាំង', NULL, 'F'),
(5, 'Biology ជីវ', NULL, 'B'),
(7, 'Chemistry គីមី', NULL, 'C'),
(11, 'Physique-Chimie រូប', NULL, 'PC'),
(12, 'Khmère/Maths ខ្មែរ/គ', NULL, 'KM');

-- --------------------------------------------------------

--
-- Structure de la table `teachers`
--

CREATE TABLE IF NOT EXISTS `teachers` (
  `teacher_id` int(11) NOT NULL AUTO_INCREMENT,
  `prenom` varchar(15) NOT NULL,
  `nom` varchar(15) NOT NULL,
  `prenom_khmer` varchar(15) DEFAULT NULL,
  `nom_khmer` varchar(15) DEFAULT NULL,
  `sex_id` int(11) NOT NULL,
  `active_id` int(11) NOT NULL,
  PRIMARY KEY (`teacher_id`),
  KEY `teacher_id` (`teacher_id`)
) ENGINE=MyISAM  DEFAULT CHARSET=utf8 AUTO_INCREMENT=37 ;

--
-- Contenu de la table `teachers`
--

INSERT INTO `teachers` (`teacher_id`, `prenom`, `nom`, `prenom_khmer`, `nom_khmer`, `sex_id`, `active_id`) VALUES
(4, 'Koeumthay', 'Seng', 'គឹមថៃ', 'សេង', 1, 1),
(7, 'Saron', 'Chab', 'សារុន', 'ចាប', 1, 1),
(8, 'Saophi', 'Phin', 'សោភី', 'ភិន', 2, 1),
(9, 'Samethi', 'Hach', '', '', 1, 1),
(10, 'Syronn', 'Roeun', 'ស៊ីរ៉ុន', 'រ៉ឺន', 1, 1),
(11, 'Kimhoun', 'Kon', 'គិមអូន', 'គន់', 1, 1),
(12, 'Huot', 'Sok', 'ហួត', 'សុខ', 1, 1),
(13, 'Dy', 'Oun', 'ឌី', 'អ៊ុន', 1, 1),
(15, 'Navin', 'Cheav', 'ណាវីន', 'ជៀវ', 2, 1),
(16, 'Vaki', 'Chan', 'ចាន់  វ៉ាគី', 'ចាន់  វ៉ាគី', 1, 1),
(17, 'Somsuan', 'Chi', 'សំសួន', 'ជី', 1, 1),
(18, 'Kimchhoeurt', 'Hak', 'គឹមឈឿត', 'អ្នកស្រីហាក់', 2, 1),
(19, 'Saophea', 'Heang', 'ហៀង  សោភា', 'អ្នកស្រី', 2, 1),
(20, 'Sopheak', 'Heng', 'សុភ័គ', 'ហេង', 1, 1),
(21, 'Vin', 'Khoeum', 'វិន', 'ខឹម', 1, 1),
(22, 'Sambouan', 'Khoeun', 'ឃឿន  សំបួន', 'អ្នកស្រី', 2, 1),
(23, 'Hay', 'Meach', 'គិមអូន', 'គន់', 1, 1),
(24, 'Sina', 'Meas', 'ស៊ីណា', 'មាស', 1, 1),
(25, 'Rotanak', 'Mit', 'រតនះ', 'អ្នកស្រីម៉ិក', 2, 1),
(26, 'Toeurn', 'Ngin', 'តឿន', 'ងិន', 1, 1),
(27, 'Tida', 'Phai', 'ផៃ  ធីតា', 'អ្នកស្រី', 2, 1),
(28, 'Sami', 'Phen', 'សាម៉ី', 'ផែន', 1, 1),
(29, 'Au', 'Phrim', 'អូ', 'ព្រិម', 1, 1),
(30, 'Rachana', 'Thlaing', 'រចនា', 'ថ្លាង', 2, 1),
(31, 'Tilinet', 'Toum', 'ទុំ  ទីលីណែត', 'អ្នកស្រី', 2, 1),
(32, 'Song', 'Veach', 'សុង', 'វៀច', 1, 1),
(33, 'Pong', 'Smoeurn', 'ពង្ស', 'ស្មឿន', 1, 1);

-- --------------------------------------------------------

--
-- Structure de la table `time`
--

CREATE TABLE IF NOT EXISTS `time` (
  `time_id` int(11) NOT NULL AUTO_INCREMENT,
  `time_class` varchar(5) NOT NULL,
  PRIMARY KEY (`time_id`),
  KEY `hour_id` (`time_id`)
) ENGINE=MyISAM  DEFAULT CHARSET=utf8 AUTO_INCREMENT=25 ;

--
-- Contenu de la table `time`
--

INSERT INTO `time` (`time_id`, `time_class`) VALUES
(0, '6-7'),
(14, '7-8'),
(15, '8-9'),
(16, '9-10'),
(17, '10-11'),
(18, '11-12'),
(19, '12-13'),
(20, '13-14'),
(21, '14-15'),
(22, '15-16'),
(23, '16-17'),
(24, '17-18');

-- --------------------------------------------------------

--
-- Structure de la table `timetables`
--

CREATE TABLE IF NOT EXISTS `timetables` (
  `timetable_id` int(11) NOT NULL AUTO_INCREMENT,
  `curriculum_id` int(11) NOT NULL,
  `timetable_period_id` int(11) NOT NULL,
  `weekday_id` int(11) NOT NULL,
  `classroom_id` int(11) NOT NULL,
  `start_time_id` int(11) NOT NULL,
  `end_time_id` int(11) NOT NULL,
  `timestamp` timestamp NOT NULL DEFAULT CURRENT_TIMESTAMP,
  PRIMARY KEY (`timetable_id`),
  UNIQUE KEY `timetable_id_2` (`timetable_id`),
  KEY `timetable_id` (`timetable_id`)
) ENGINE=MyISAM  DEFAULT CHARSET=utf8 COMMENT='defines start/end and day of each curriculum (subject) of a class' AUTO_INCREMENT=222 ;

--
-- Contenu de la table `timetables`
--

INSERT INTO `timetables` (`timetable_id`, `curriculum_id`, `timetable_period_id`, `weekday_id`, `classroom_id`, `start_time_id`, `end_time_id`, `timestamp`) VALUES
(117, 14, 3, 4, 3, 0, 14, '2015-10-26 09:46:23'),
(120, 36, 4, 2, 1, 0, 1, '2015-11-02 01:34:33'),
(122, 33, 4, 6, 1, 0, 14, '2015-11-02 01:35:07'),
(124, 20, 4, 6, 4, 0, 14, '2015-11-02 01:36:06'),
(125, 20, 4, 2, 4, 0, 14, '2015-11-02 01:36:28'),
(126, 32, 4, 3, 1, 0, 14, '2015-11-02 03:47:58'),
(127, 32, 4, 4, 1, 0, 14, '2015-11-02 03:48:07'),
(128, 32, 4, 5, 1, 0, 1, '2015-11-02 03:48:16'),
(129, 1, 4, 3, 4, 0, 14, '2015-11-02 04:06:24'),
(132, 29, 4, 3, 1, 14, 15, '2015-11-02 04:12:44'),
(133, 29, 4, 3, 1, 15, 16, '2015-11-02 04:12:50'),
(136, 24, 4, 3, 2, 14, 15, '2015-11-02 04:14:18'),
(137, 24, 4, 5, 2, 14, 15, '2015-11-02 04:14:46'),
(139, 28, 4, 3, 3, 14, 15, '2015-11-02 04:16:58'),
(140, 28, 4, 5, 3, 14, 15, '2015-11-02 04:17:10'),
(141, 8, 4, 2, 1, 14, 15, '2015-11-02 04:17:57'),
(142, 8, 4, 2, 1, 15, 16, '2015-11-02 04:18:09'),
(143, 8, 4, 3, 3, 16, 17, '2015-11-02 04:18:47'),
(144, 3, 4, 2, 2, 14, 15, '2015-11-02 04:21:14'),
(145, 3, 4, 2, 2, 15, 16, '2015-11-02 04:21:24'),
(146, 3, 4, 4, 2, 14, 15, '2015-11-02 04:21:44'),
(147, 30, 4, 2, 4, 14, 15, '2015-11-02 04:22:13'),
(148, 30, 4, 2, 4, 15, 16, '2015-11-02 04:22:22'),
(149, 30, 4, 4, 4, 14, 15, '2015-11-02 04:23:30'),
(150, 17, 4, 4, 3, 14, 15, '2015-11-02 04:24:34'),
(151, 17, 4, 6, 2, 14, 15, '2015-11-02 04:24:57'),
(152, 6, 4, 5, 4, 14, 15, '2015-11-02 04:25:32'),
(153, 4, 4, 6, 3, 14, 15, '2015-11-02 04:25:59'),
(154, 24, 0, 4, 0, 0, 0, '2015-11-02 10:50:00'),
(221, 31, 4, 1, 2, 0, 1, '2016-01-08 15:53:55'),
(219, 17, 4, 1, 1, 0, 1, '2016-01-07 16:51:05'),
(158, 5, 4, 1, 3, 16, 17, '2015-11-02 11:05:21'),
(159, 5, 4, 1, 3, 17, 18, '2015-11-02 11:06:38'),
(160, 5, 4, 2, 1, 16, 17, '2015-11-02 11:07:06'),
(162, 2, 4, 2, 2, 16, 17, '2015-11-02 11:09:10'),
(163, 5, 4, 2, 1, 17, 18, '2015-11-02 11:10:30'),
(164, 2, 4, 2, 2, 17, 18, '2015-11-02 11:10:42'),
(166, 16, 4, 1, 1, 20, 21, '2015-11-02 11:11:34'),
(167, 16, 4, 1, 1, 21, 22, '2015-11-02 11:11:42'),
(168, 4, 4, 1, 2, 21, 22, '2015-11-02 11:14:09'),
(169, 4, 4, 1, 2, 22, 23, '2015-11-02 11:14:18'),
(170, 21, 4, 1, 4, 22, 23, '2015-11-02 11:14:29'),
(171, 23, 4, 2, 1, 20, 21, '2015-11-02 11:14:55'),
(173, 23, 4, 2, 1, 21, 22, '2015-11-02 11:15:16'),
(174, 21, 4, 2, 2, 22, 23, '2015-11-02 11:15:33'),
(175, 19, 4, 2, 3, 20, 21, '2015-11-02 11:15:53'),
(176, 17, 4, 2, 3, 21, 22, '2015-11-02 11:16:02'),
(178, 18, 4, 2, 3, 22, 23, '2015-11-02 11:16:23'),
(179, 15, 4, 2, 4, 22, 23, '2015-11-02 11:17:26'),
(180, 15, 4, 2, 4, 23, 24, '2015-11-02 11:17:34'),
(181, 25, 4, 3, 2, 15, 16, '2015-11-02 11:18:22'),
(182, 26, 4, 3, 2, 16, 17, '2015-11-02 11:18:32'),
(183, 27, 4, 3, 3, 15, 16, '2015-11-02 11:18:42'),
(184, 5, 4, 3, 3, 17, 18, '2015-11-02 11:18:56'),
(185, 2, 4, 4, 2, 15, 16, '2015-11-02 11:19:11'),
(186, 18, 4, 4, 3, 15, 16, '2015-11-02 11:19:26'),
(187, 19, 4, 4, 3, 16, 17, '2015-11-02 11:19:44'),
(188, 11, 4, 3, 1, 20, 21, '2015-11-02 11:20:06'),
(189, 11, 4, 3, 1, 21, 22, '2015-11-02 11:20:13'),
(190, 13, 4, 3, 1, 22, 23, '2015-11-02 11:20:22'),
(191, 13, 4, 3, 1, 23, 24, '2015-11-02 11:20:29'),
(192, 12, 4, 3, 4, 20, 21, '2015-11-02 11:20:38'),
(193, 12, 4, 3, 4, 21, 22, '2015-11-02 11:20:45'),
(194, 21, 4, 3, 4, 22, 23, '2015-11-02 11:20:52'),
(195, 11, 4, 4, 1, 20, 21, '2015-11-02 11:21:03'),
(196, 11, 4, 4, 1, 21, 22, '2015-11-02 11:21:11'),
(197, 16, 4, 4, 1, 22, 23, '2015-11-02 11:21:19'),
(198, 16, 4, 4, 1, 23, 24, '2015-11-02 11:21:25'),
(199, 13, 4, 4, 2, 20, 21, '2015-11-02 11:21:32'),
(200, 12, 4, 4, 4, 21, 22, '2015-11-02 11:21:54'),
(201, 21, 4, 4, 4, 22, 23, '2015-11-02 11:22:07'),
(203, 31, 4, 4, 4, 23, 24, '2015-11-02 11:22:34'),
(204, 23, 4, 5, 1, 20, 21, '2015-11-02 11:22:42'),
(205, 23, 4, 5, 1, 21, 22, '2015-11-02 11:22:48'),
(206, 1, 4, 5, 4, 0, 1, '2015-11-03 01:37:09'),
(207, 22, 5, 1, 1, 0, 1, '2015-11-10 06:05:57'),
(208, 32, 5, 1, 2, 0, 1, '2015-11-10 06:06:05'),
(209, 28, 5, 1, 3, 14, 15, '2015-11-10 06:06:39'),
(210, 15, 5, 1, 3, 16, 17, '2015-11-10 06:15:57');

-- --------------------------------------------------------

--
-- Structure de la table `timetable_periods`
--

CREATE TABLE IF NOT EXISTS `timetable_periods` (
  `timetable_period_id` int(11) NOT NULL AUTO_INCREMENT,
  `school_year_id` int(11) NOT NULL,
  `nom` varchar(50) NOT NULL,
  `date_from` date NOT NULL,
  `date_to` date NOT NULL,
  `created` timestamp NOT NULL DEFAULT CURRENT_TIMESTAMP,
  PRIMARY KEY (`timetable_period_id`),
  KEY `timetable_name_id` (`timetable_period_id`)
) ENGINE=MyISAM  DEFAULT CHARSET=utf8 AUTO_INCREMENT=6 ;

--
-- Contenu de la table `timetable_periods`
--

INSERT INTO `timetable_periods` (`timetable_period_id`, `school_year_id`, `nom`, `date_from`, `date_to`, `created`) VALUES
(4, 48, 'Year', '2015-11-01', '2016-07-31', '2015-11-02 01:32:27'),
(5, 48, 'Novembre', '2015-11-01', '2015-11-30', '2015-11-02 01:57:52');

-- --------------------------------------------------------

--
-- Structure de la table `users`
--

CREATE TABLE IF NOT EXISTS `users` (
  `user_id` int(11) NOT NULL AUTO_INCREMENT,
  `username` varchar(20) NOT NULL,
  `password` varchar(255) NOT NULL,
  `profile_id` int(11) NOT NULL,
  `created` timestamp NOT NULL DEFAULT CURRENT_TIMESTAMP,
  `email` varchar(50) DEFAULT NULL,
  `phone` varchar(20) DEFAULT NULL,
  `position_id` int(11) DEFAULT NULL,
  `department_id` int(11) DEFAULT NULL,
  PRIMARY KEY (`user_id`),
  KEY `user_id` (`user_id`)
) ENGINE=MyISAM  DEFAULT CHARSET=utf8 AUTO_INCREMENT=13 ;

--
-- Contenu de la table `users`
--

INSERT INTO `users` (`user_id`, `username`, `password`, `profile_id`, `created`, `email`, `phone`, `position_id`, `department_id`) VALUES
(12, 'visitor', '8*wYM/KySkjyc', 3, '2016-01-10 10:09:27', '', '', 1, 1),
(10, 'admin', '8*ba/.Rs0HMOA', 1, '2015-12-05 11:10:40', 'admin@domain.com', '', 5, 1);

-- --------------------------------------------------------

--
-- Structure de la table `weekdays`
--

CREATE TABLE IF NOT EXISTS `weekdays` (
  `weekday_id` int(11) NOT NULL AUTO_INCREMENT,
  `weekday` varchar(15) NOT NULL,
  `weekday_abr` varchar(3) NOT NULL,
  `weekday_kh` varchar(30) DEFAULT NULL,
  PRIMARY KEY (`weekday_id`),
  KEY `weekday_id` (`weekday_id`)
) ENGINE=MyISAM  DEFAULT CHARSET=utf8 AUTO_INCREMENT=7 ;

--
-- Contenu de la table `weekdays`
--

INSERT INTO `weekdays` (`weekday_id`, `weekday`, `weekday_abr`, `weekday_kh`) VALUES
(1, 'Monday', 'Mon', NULL),
(2, 'Tuesday', 'Tue', NULL),
(3, 'Wednesday', 'Wed', NULL),
(4, 'Thursday', 'Thu', NULL),
(5, 'Friday', 'Fri', NULL),
(6, 'Saturday', 'Sat', NULL);

/*!40101 SET CHARACTER_SET_CLIENT=@OLD_CHARACTER_SET_CLIENT */;
/*!40101 SET CHARACTER_SET_RESULTS=@OLD_CHARACTER_SET_RESULTS */;
/*!40101 SET COLLATION_CONNECTION=@OLD_COLLATION_CONNECTION */;
